match_id,team,opponent,venue,raw_aggression_index
3754217,Chelsea,Arsenal,Home,1.0344827586206897
3754217,Arsenal,Chelsea,Away,0.6103896103896104
3754117,Aston Villa,Arsenal,Home,0.6309523809523809
3754117,Arsenal,Aston Villa,Away,0.8072289156626506
3754296,Arsenal,Manchester City,Home,0.6896551724137931
3754296,Manchester City,Arsenal,Away,0.8229166666666666
3753983,Swansea City,Arsenal,Home,0.922077922077922
3753983,Arsenal,Swansea City,Away,0.9861111111111112
3754160,Arsenal,Sunderland,Home,0.5609756097560976
3754160,Sunderland,Arsenal,Away,0.6263736263736264
3754129,Arsenal,Liverpool,Home,0.8539325842696629
3754129,Liverpool,Arsenal,Away,0.94
3754309,Southampton,Arsenal,Home,1.1222222222222222
3754309,Arsenal,Southampton,Away,0.47058823529411764
3754047,Liverpool,Swansea City,Home,1.1477272727272727
3754047,Swansea City,Liverpool,Away,0.42391304347826086
3754058,Leicester City,AFC Bournemouth,Home,0.9270833333333334
3754058,AFC Bournemouth,Leicester City,Away,0.8125
3754245,West Bromwich Albion,Sunderland,Home,0.6666666666666666
3754245,Sunderland,West Bromwich Albion,Away,0.8045977011494253
3754136,Newcastle United,Aston Villa,Home,1.0
3754136,Aston Villa,Newcastle United,Away,0.6862745098039216
3754037,Everton,AFC Bournemouth,Home,1.125
3754037,AFC Bournemouth,Everton,Away,0.8735632183908046
3754039,Crystal Palace,Watford,Home,0.7395833333333334
3754039,Watford,Crystal Palace,Away,0.954954954954955
3754041,Arsenal,Aston Villa,Home,0.8469387755102041
3754041,Aston Villa,Arsenal,Away,0.48148148148148145
3754042,West Bromwich Albion,Liverpool,Home,1.0315789473684212
3754042,Liverpool,West Bromwich Albion,Away,0.9120879120879121
3754043,Tottenham Hotspur,AFC Bournemouth,Home,1.1359223300970873
3754043,AFC Bournemouth,Tottenham Hotspur,Away,1.3734939759036144
3754045,Leicester City,Manchester City,Home,0.7450980392156863
3754045,Manchester City,Leicester City,Away,0.8571428571428571
3754048,Crystal Palace,Everton,Home,1.2
3754048,Everton,Crystal Palace,Away,0.425531914893617
3754049,Leicester City,Norwich City,Home,0.8709677419354839
3754049,Norwich City,Leicester City,Away,0.98989898989899
3754050,Sunderland,Crystal Palace,Home,1.0957446808510638
3754050,Crystal Palace,Sunderland,Away,0.75
3754052,West Bromwich Albion,Norwich City,Home,0.8541666666666666
3754052,Norwich City,West Bromwich Albion,Away,1.1134020618556701
3754053,Aston Villa,Tottenham Hotspur,Home,0.9375
3754053,Tottenham Hotspur,Aston Villa,Away,0.673469387755102
3754055,Liverpool,Chelsea,Home,0.7857142857142857
3754055,Chelsea,Liverpool,Away,0.9
3754226,Sunderland,Liverpool,Home,0.8295454545454546
3754226,Liverpool,Sunderland,Away,0.7378640776699029
3754014,Stoke City,Manchester United,Home,0.3425925925925926
3754014,Manchester United,Stoke City,Away,1.1521739130434783
3754091,Stoke City,Watford,Home,0.6265060240963856
3754091,Watford,Stoke City,Away,0.7211538461538461
3754135,Stoke City,Manchester City,Home,0.5092592592592593
3754135,Manchester City,Stoke City,Away,0.8640776699029126
3754293,Stoke City,Chelsea,Home,0.5263157894736842
3754293,Chelsea,Stoke City,Away,0.8295454545454546
3754339,Stoke City,AFC Bournemouth,Home,0.8118811881188119
3754339,AFC Bournemouth,Stoke City,Away,0.6555555555555556
3754146,Stoke City,Leicester City,Home,0.5425531914893617
3754146,Leicester City,Stoke City,Away,0.7075471698113207
3754347,Manchester United,West Ham United,Home,0.8588235294117647
3754347,West Ham United,Manchester United,Away,0.5048543689320388
3754255,Liverpool,West Bromwich Albion,Home,0.7317073170731707
3754255,West Bromwich Albion,Liverpool,Away,0.5360824742268041
3754278,AFC Bournemouth,Watford,Home,0.6391752577319587
3754278,Watford,AFC Bournemouth,Away,0.8
3753979,Crystal Palace,Sunderland,Home,0.7777777777777778
3753979,Sunderland,Crystal Palace,Away,0.3181818181818182
3753972,Swansea City,AFC Bournemouth,Home,1.1868131868131868
3753972,AFC Bournemouth,Swansea City,Away,0.8620689655172413
3753978,Southampton,Swansea City,Home,0.7378640776699029
3753978,Swansea City,Southampton,Away,0.5543478260869565
3753974,Newcastle United,Everton,Home,0.7619047619047619
3753974,Everton,Newcastle United,Away,1.3012048192771084
3753993,Sunderland,Norwich City,Home,0.8679245283018868
3753993,Norwich City,Sunderland,Away,1.108433734939759
3754015,Manchester United,Manchester City,Home,0.8494623655913979
3754015,Manchester City,Manchester United,Away,0.8315789473684211
3754038,Norwich City,Arsenal,Home,0.6071428571428571
3754038,Arsenal,Norwich City,Away,1.0921052631578947
3754001,Newcastle United,Chelsea,Home,0.7156862745098039
3754001,Chelsea,Newcastle United,Away,0.7528089887640449
3754007,Stoke City,West Bromwich Albion,Home,0.375
3754007,West Bromwich Albion,Stoke City,Away,0.7590361445783133
3754008,Manchester United,Sunderland,Home,1.0481927710843373
3754008,Sunderland,Manchester United,Away,0.46601941747572817
3754029,Tottenham Hotspur,Aston Villa,Home,0.8640776699029126
3754029,Aston Villa,Tottenham Hotspur,Away,0.5
3753995,Chelsea,Southampton,Home,0.7281553398058253
3753995,Southampton,Chelsea,Away,0.7938144329896907
3753999,Watford,Arsenal,Home,1.1904761904761905
3753999,Arsenal,Watford,Away,0.5357142857142857
3754017,Aston Villa,Swansea City,Home,0.7053571428571429
3754017,Swansea City,Aston Villa,Away,0.5575221238938053
3754006,West Bromwich Albion,Leicester City,Home,0.5121951219512195
3754006,Leicester City,West Bromwich Albion,Away,0.6391752577319587
3754023,AFC Bournemouth,Leicester City,Home,0.7647058823529411
3754023,Leicester City,AFC Bournemouth,Away,1.0373831775700935
3753984,Liverpool,West Ham United,Home,1.0707070707070707
3753984,West Ham United,Liverpool,Away,0.41836734693877553
3754011,Southampton,Manchester United,Home,0.7640449438202247
3754011,Manchester United,Southampton,Away,0.4536082474226804
3754010,Newcastle United,Watford,Home,0.49514563106796117
3754010,Watford,Newcastle United,Away,0.8083333333333333
3754028,Manchester City,Southampton,Home,0.7391304347826086
3754028,Southampton,Manchester City,Away,0.7529411764705882
3753996,Chelsea,Norwich City,Home,0.8354430379746836
3753996,Norwich City,Chelsea,Away,0.5647058823529412
3754025,Chelsea,Sunderland,Home,0.6161616161616161
3754025,Sunderland,Chelsea,Away,0.6666666666666666
3754068,Aston Villa,West Bromwich Albion,Home,0.6129032258064516
3754068,West Bromwich Albion,Aston Villa,Away,0.30392156862745096
3754056,Everton,Stoke City,Home,0.7701149425287356
3754056,Stoke City,Everton,Away,0.3917525773195876
3754040,Liverpool,Norwich City,Home,0.7659574468085106
3754040,Norwich City,Liverpool,Away,0.6868686868686869
3754074,Swansea City,Tottenham Hotspur,Home,0.569620253164557
3754074,Tottenham Hotspur,Swansea City,Away,0.8645833333333334
3754076,Sunderland,West Ham United,Home,0.5142857142857142
3754076,West Ham United,Sunderland,Away,0.5542168674698795
3754067,Crystal Palace,West Ham United,Home,0.6162790697674418
3754067,West Ham United,Crystal Palace,Away,0.5824175824175825
3754079,Manchester City,Newcastle United,Home,0.9753086419753086
3754079,Newcastle United,Manchester City,Away,0.4574468085106383
3754090,Newcastle United,Stoke City,Home,0.5888888888888889
3754090,Stoke City,Newcastle United,Away,0.5294117647058824
3754083,Chelsea,Crystal Palace,Home,0.8681318681318682
3754083,Crystal Palace,Chelsea,Away,0.40860215053763443
3754077,Manchester City,West Ham United,Home,1.4
3754077,West Ham United,Manchester City,Away,0.37373737373737376
3754060,Everton,Liverpool,Home,0.6888888888888889
3754060,Liverpool,Everton,Away,0.801980198019802
3754073,Chelsea,AFC Bournemouth,Home,0.851063829787234
3754073,AFC Bournemouth,Chelsea,Away,0.7452830188679245
3754085,Swansea City,Leicester City,Home,0.8823529411764706
3754085,Leicester City,Swansea City,Away,1.1263157894736842
3754051,Watford,Liverpool,Home,0.83
3754051,Liverpool,Watford,Away,0.7961165048543689
3754093,Tottenham Hotspur,Chelsea,Home,0.5888888888888889
3754093,Chelsea,Tottenham Hotspur,Away,0.978021978021978
3754046,Everton,Crystal Palace,Home,0.9880952380952381
3754046,Crystal Palace,Everton,Away,0.8865979381443299
3754072,Sunderland,Watford,Home,0.8541666666666666
3754072,Watford,Sunderland,Away,0.7244897959183674
3754082,Everton,Sunderland,Home,0.4868421052631579
3754082,Sunderland,Everton,Away,0.5652173913043478
3754106,Leicester City,Aston Villa,Home,0.9504950495049505
3754106,Aston Villa,Leicester City,Away,0.46017699115044247
3754099,Crystal Palace,West Bromwich Albion,Home,0.7558139534883721
3754099,West Bromwich Albion,Crystal Palace,Away,0.826530612244898
3754098,Chelsea,Liverpool,Home,0.9252336448598131
3754098,Liverpool,Chelsea,Away,0.8316831683168316
3754057,Tottenham Hotspur,Norwich City,Home,0.8494623655913979
3754057,Norwich City,Tottenham Hotspur,Away,0.8333333333333334
3754112,Newcastle United,Southampton,Home,0.4835164835164835
3754112,Southampton,Newcastle United,Away,0.6285714285714286
3754104,Norwich City,Stoke City,Home,0.8674698795180723
3754104,Stoke City,Norwich City,Away,0.47191011235955055
3754054,Manchester City,Sunderland,Home,0.8611111111111112
3754054,Sunderland,Manchester City,Away,0.7802197802197802
3754113,Southampton,Aston Villa,Home,0.6404494382022472
3754113,Aston Villa,Southampton,Away,0.47115384615384615
3754107,Aston Villa,Manchester United,Home,0.7872340425531915
3754107,Manchester United,Aston Villa,Away,0.8229166666666666
3754105,West Bromwich Albion,Everton,Home,0.7211538461538461
3754105,Everton,West Bromwich Albion,Away,0.7849462365591398
3754097,Manchester United,Tottenham Hotspur,Home,1.1770833333333333
3754097,Tottenham Hotspur,Manchester United,Away,0.9
3754102,Newcastle United,Norwich City,Home,0.6263736263736264
3754102,Norwich City,Newcastle United,Away,0.6067415730337079
3754115,Chelsea,Aston Villa,Home,1.1926605504587156
3754115,Aston Villa,Chelsea,Away,0.6285714285714286
3754148,Sunderland,Tottenham Hotspur,Home,0.42342342342342343
3754148,Tottenham Hotspur,Sunderland,Away,0.6868686868686869
3754169,AFC Bournemouth,Sunderland,Home,0.7431192660550459
3754169,Sunderland,AFC Bournemouth,Away,0.7878787878787878
3754174,Leicester City,Arsenal,Home,0.6764705882352942
3754174,Arsenal,Leicester City,Away,0.4803921568627451
3754185,Watford,Manchester United,Home,0.9320388349514563
3754185,Manchester United,Watford,Away,0.5803571428571429
3754162,AFC Bournemouth,Manchester United,Home,0.7027027027027027
3754162,Manchester United,AFC Bournemouth,Away,0.5789473684210527
3754096,West Ham United,Stoke City,Home,0.6407766990291263
3754096,Stoke City,West Ham United,Away,0.7307692307692307
3754171,Arsenal,Manchester United,Home,0.32989690721649484
3754171,Manchester United,Arsenal,Away,1.180722891566265
3754119,Sunderland,Newcastle United,Home,0.8
3754119,Newcastle United,Sunderland,Away,0.45977011494252873
3754126,Arsenal,Everton,Home,0.6732673267326733
3754126,Everton,Arsenal,Away,0.8518518518518519
3754133,Norwich City,West Bromwich Albion,Home,0.40404040404040403
3754133,West Bromwich Albion,Norwich City,Away,0.5955056179775281
3754167,Manchester City,Norwich City,Home,0.8194444444444444
3754167,Norwich City,Manchester City,Away,0.3626373626373626
3754145,West Bromwich Albion,Manchester City,Home,0.5609756097560976
3754145,Manchester City,West Bromwich Albion,Away,0.8
3754153,Stoke City,Crystal Palace,Home,0.4659090909090909
3754153,Crystal Palace,Stoke City,Away,0.4166666666666667
3754143,Newcastle United,Liverpool,Home,0.839622641509434
3754143,Liverpool,Newcastle United,Away,0.9191919191919192
3754186,Leicester City,Manchester United,Home,0.65
3754186,Manchester United,Leicester City,Away,0.6091954022988506
3754130,Norwich City,Aston Villa,Home,0.6590909090909091
3754130,Aston Villa,Norwich City,Away,0.9390243902439024
3754188,Southampton,Tottenham Hotspur,Home,0.9719626168224299
3754188,Tottenham Hotspur,Southampton,Away,0.7850467289719626
3754178,Aston Villa,Watford,Home,0.6666666666666666
3754178,Watford,Aston Villa,Away,0.6195652173913043
3754157,AFC Bournemouth,Everton,Home,1.0105263157894737
3754157,Everton,AFC Bournemouth,Away,0.5096153846153846
3754166,Everton,Leicester City,Home,0.5888888888888889
3754166,Leicester City,Everton,Away,0.7256637168141593
3754211,Newcastle United,Leicester City,Home,0.5544554455445545
3754211,Leicester City,Newcastle United,Away,0.91
3754150,Sunderland,Stoke City,Home,1.0
3754150,Stoke City,Sunderland,Away,0.36082474226804123
3754218,Crystal Palace,Southampton,Home,1.05
3754218,Southampton,Crystal Palace,Away,0.7307692307692307
3754205,Newcastle United,Arsenal,Home,0.5604395604395604
3754205,Arsenal,Newcastle United,Away,0.7623762376237624
3754221,Swansea City,Manchester United,Home,0.7934782608695652
3754221,Manchester United,Swansea City,Away,0.6626506024096386
3754198,Tottenham Hotspur,Liverpool,Home,0.7142857142857143
3754198,Liverpool,Tottenham Hotspur,Away,0.9180327868852459
3754193,Manchester City,AFC Bournemouth,Home,0.32407407407407407
3754193,AFC Bournemouth,Manchester City,Away,1.043010752688172
3754222,Tottenham Hotspur,Crystal Palace,Home,0.968421052631579
3754222,Crystal Palace,Tottenham Hotspur,Away,0.7857142857142857
3754213,Watford,Swansea City,Home,0.7083333333333334
3754213,Swansea City,Watford,Away,0.6987951807228916
3754212,Liverpool,Aston Villa,Home,0.7184466019417476
3754212,Aston Villa,Liverpool,Away,0.3247863247863248
3754223,Crystal Palace,Manchester United,Home,1.0857142857142856
3754223,Manchester United,Crystal Palace,Away,0.75
3754197,Tottenham Hotspur,Manchester City,Home,0.7047619047619048
3754197,Manchester City,Tottenham Hotspur,Away,0.6363636363636364
3754208,Manchester City,Liverpool,Home,0.875
3754208,Liverpool,Manchester City,Away,0.8157894736842105
3754204,Aston Villa,Sunderland,Home,0.8493150684931506
3754204,Sunderland,Aston Villa,Away,0.5876288659793815
3754194,West Ham United,Everton,Home,0.8607594936708861
3754194,Everton,West Ham United,Away,0.6477272727272727
3754219,West Bromwich Albion,AFC Bournemouth,Home,0.5116279069767442
3754219,AFC Bournemouth,West Bromwich Albion,Away,0.5056179775280899
3754254,Manchester United,Newcastle United,Home,0.71
3754254,Newcastle United,Manchester United,Away,0.5376344086021505
3754230,Liverpool,Southampton,Home,0.8823529411764706
3754230,Southampton,Liverpool,Away,0.717391304347826
3754285,Aston Villa,West Ham United,Home,0.6470588235294118
3754285,West Ham United,Aston Villa,Away,0.6538461538461539
3754233,Everton,Manchester City,Home,0.7216494845360825
3754233,Manchester City,Everton,Away,0.6565656565656566
3754270,Tottenham Hotspur,Stoke City,Home,0.8020833333333334
3754270,Stoke City,Tottenham Hotspur,Away,0.7745098039215687
3754237,Leicester City,Sunderland,Home,0.9555555555555556
3754237,Sunderland,Leicester City,Away,0.5102040816326531
3754257,Crystal Palace,Manchester City,Home,0.5929203539823009
3754257,Manchester City,Crystal Palace,Away,0.5185185185185185
3754266,Watford,Crystal Palace,Home,0.47959183673469385
3754266,Crystal Palace,Watford,Away,0.8076923076923077
3754256,Everton,Manchester United,Home,1.1111111111111112
3754256,Manchester United,Everton,Away,0.4157303370786517
3754288,West Ham United,Chelsea,Home,0.625
3754288,Chelsea,West Ham United,Away,0.55
3754238,AFC Bournemouth,Newcastle United,Home,0.9146341463414634
3754238,Newcastle United,AFC Bournemouth,Away,0.7169811320754716
3754269,Swansea City,Stoke City,Home,0.7888888888888889
3754269,Stoke City,Swansea City,Away,0.53
3754234,AFC Bournemouth,Tottenham Hotspur,Home,0.75
3754234,Tottenham Hotspur,AFC Bournemouth,Away,0.9285714285714286
3754246,Manchester City,Watford,Home,1.25
3754246,Watford,Manchester City,Away,0.5365853658536586
3754273,Watford,West Ham United,Home,1.1123595505617978
3754273,West Ham United,Watford,Away,0.6862745098039216
3754263,Leicester City,Crystal Palace,Home,0.6082474226804123
3754263,Crystal Palace,Leicester City,Away,0.8095238095238095
3754268,Tottenham Hotspur,Everton,Home,0.8191489361702128
3754268,Everton,Tottenham Hotspur,Away,0.3978494623655914
3754286,Watford,Norwich City,Home,0.5980392156862745
3754286,Norwich City,Watford,Away,0.42718446601941745
3754291,Watford,Tottenham Hotspur,Home,0.673469387755102
3754291,Tottenham Hotspur,Watford,Away,0.7473684210526316
3754283,Everton,Aston Villa,Home,0.5824175824175825
3754283,Aston Villa,Everton,Away,0.9782608695652174
3754235,West Ham United,West Bromwich Albion,Home,0.7222222222222222
3754235,West Bromwich Albion,West Ham United,Away,0.6122448979591837
3754279,Swansea City,West Bromwich Albion,Home,0.6666666666666666
3754279,West Bromwich Albion,Swansea City,Away,0.75
3754276,Tottenham Hotspur,Newcastle United,Home,0.6306306306306306
3754276,Newcastle United,Tottenham Hotspur,Away,0.6440677966101694
3754287,Chelsea,Watford,Home,0.5581395348837209
3754287,Watford,Chelsea,Away,0.74
3754259,Swansea City,West Ham United,Home,0.7368421052631579
3754259,West Ham United,Swansea City,Away,0.6140350877192983
3754335,Norwich City,Leicester City,Home,0.620253164556962
3754335,Leicester City,Norwich City,Away,0.6296296296296297
3754298,Swansea City,Everton,Home,0.9263157894736842
3754298,Everton,Swansea City,Away,0.7752808988764045
3754315,Norwich City,AFC Bournemouth,Home,0.5048543689320388
3754315,AFC Bournemouth,Norwich City,Away,0.7674418604651163
3754330,Aston Villa,Stoke City,Home,0.7980769230769231
3754330,Stoke City,Aston Villa,Away,0.7280701754385965
3754337,Southampton,Norwich City,Home,0.7159090909090909
3754337,Norwich City,Southampton,Away,0.5204081632653061
3754297,Manchester United,West Bromwich Albion,Home,1.240506329113924
3754297,West Bromwich Albion,Manchester United,Away,0.6444444444444445
3754301,West Bromwich Albion,Arsenal,Home,1.1511627906976745
3754301,Arsenal,West Bromwich Albion,Away,0.6962025316455697
3754323,West Ham United,Norwich City,Home,1.1975308641975309
3754323,Norwich City,West Ham United,Away,0.32
3754304,Crystal Palace,Newcastle United,Home,0.4351851851851852
3754304,Newcastle United,Crystal Palace,Away,0.75
3754311,Norwich City,Swansea City,Home,0.4424778761061947
3754311,Swansea City,Norwich City,Away,0.620253164556962
3754328,Manchester City,Swansea City,Home,0.7524752475247525
3754328,Swansea City,Manchester City,Away,0.6875
3754325,West Bromwich Albion,Southampton,Home,0.8
3754325,Southampton,West Bromwich Albion,Away,0.797752808988764
3754329,West Ham United,Newcastle United,Home,0.63
3754329,Newcastle United,West Ham United,Away,0.711340206185567
3754302,Southampton,Leicester City,Home,0.6699029126213593
3754302,Leicester City,Southampton,Away,0.8541666666666666
3754013,Leicester City,Chelsea,Home,0.782608695652174
3754013,Chelsea,Leicester City,Away,0.8068181818181818
3754044,Manchester United,Norwich City,Home,1.0735294117647058
3754044,Norwich City,Manchester United,Away,0.5283018867924528
3754351,Liverpool,Crystal Palace,Home,0.6626506024096386
3754351,Crystal Palace,Liverpool,Away,0.8118811881188119
3754343,Liverpool,Leicester City,Home,0.8712871287128713
3754343,Leicester City,Liverpool,Away,0.5371900826446281
3754109,Tottenham Hotspur,West Ham United,Home,0.7807017543859649
3754109,West Ham United,Tottenham Hotspur,Away,0.8725490196078431
3754182,Norwich City,Everton,Home,0.9484536082474226
3754182,Everton,Norwich City,Away,0.7191011235955056
3754240,Arsenal,Stoke City,Home,0.7105263157894737
3754240,Stoke City,Arsenal,Away,0.4423076923076923
3754336,Everton,Chelsea,Home,0.7471264367816092
3754336,Chelsea,Everton,Away,0.7530864197530864
3754247,Southampton,Stoke City,Home,1.0315789473684212
3754247,Stoke City,Southampton,Away,0.40707964601769914
3754156,Leicester City,Watford,Home,0.5520833333333334
3754156,Watford,Leicester City,Away,0.5783132530120482
3754265,Arsenal,Tottenham Hotspur,Home,1.0112359550561798
3754265,Tottenham Hotspur,Arsenal,Away,0.8037383177570093
3754000,Sunderland,Southampton,Home,0.4049586776859504
3754000,Southampton,Sunderland,Away,0.6625
3754003,Manchester United,Liverpool,Home,0.5119047619047619
3754003,Liverpool,Manchester United,Away,0.7021276595744681
3754344,Swansea City,Newcastle United,Home,1.2258064516129032
3754344,Newcastle United,Swansea City,Away,0.48936170212765956
3754131,West Ham United,AFC Bournemouth,Home,0.5894736842105263
3754131,AFC Bournemouth,West Ham United,Away,0.5368421052631579
3754300,Everton,Watford,Home,0.7529411764705882
3754300,Watford,Everton,Away,0.5677966101694916
3754312,Crystal Palace,Arsenal,Home,0.5773195876288659
3754312,Arsenal,Crystal Palace,Away,0.8777777777777778
3754138,Norwich City,Crystal Palace,Home,0.8395061728395061
3754138,Crystal Palace,Norwich City,Away,0.7640449438202247
3754203,West Ham United,Leicester City,Home,0.7236842105263158
3754203,Leicester City,West Ham United,Away,0.7156862745098039
3754190,Crystal Palace,Aston Villa,Home,0.7087378640776699
3754190,Aston Villa,Crystal Palace,Away,0.5192307692307693
3754066,Manchester City,Chelsea,Home,0.8481012658227848
3754066,Chelsea,Manchester City,Away,0.6976744186046512
3754034,Southampton,Everton,Home,0.7282608695652174
3754034,Everton,Southampton,Away,0.41304347826086957
3753985,Stoke City,Liverpool,Home,0.6506024096385542
3753985,Liverpool,Stoke City,Away,0.9368421052631579
3753987,Leicester City,Tottenham Hotspur,Home,0.6506024096385542
3753987,Tottenham Hotspur,Leicester City,Away,0.34444444444444444
3754189,Watford,Southampton,Home,0.717391304347826
3754189,Southampton,Watford,Away,0.6388888888888888
3754180,Sunderland,Swansea City,Home,0.8514851485148515
3754180,Swansea City,Sunderland,Away,0.8351648351648352
3754059,West Bromwich Albion,Chelsea,Home,0.6436781609195402
3754059,Chelsea,West Bromwich Albion,Away,0.5376344086021505
3754064,Southampton,Liverpool,Home,1.1428571428571428
3754064,Liverpool,Southampton,Away,0.8411214953271028
3754065,Tottenham Hotspur,Leicester City,Home,0.8645833333333334
3754065,Leicester City,Tottenham Hotspur,Away,0.6106194690265486
3754173,Arsenal,AFC Bournemouth,Home,1.1518987341772151
3754173,AFC Bournemouth,Arsenal,Away,1.1195652173913044
3754175,Sunderland,West Bromwich Albion,Home,1.0459770114942528
3754175,West Bromwich Albion,Sunderland,Away,0.7368421052631579
3753973,Chelsea,West Ham United,Home,0.8901098901098901
3753973,West Ham United,Chelsea,Away,0.8
3753975,Sunderland,AFC Bournemouth,Home,0.9431818181818182
3753975,AFC Bournemouth,Sunderland,Away,1.2386363636363635
3753976,Arsenal,Swansea City,Home,1.1379310344827587
3753976,Swansea City,Arsenal,Away,0.8476190476190476
3753977,Watford,Stoke City,Home,0.8350515463917526
3753977,Stoke City,Watford,Away,0.975
3753980,Everton,Arsenal,Home,1.271604938271605
3753980,Arsenal,Everton,Away,1.1789473684210525
3753981,Aston Villa,Crystal Palace,Home,0.8130841121495327
3753981,Crystal Palace,Aston Villa,Away,0.9081632653061225
3753982,Leicester City,Southampton,Home,0.7920792079207921
3753982,Southampton,Leicester City,Away,0.8241758241758241
3753986,Liverpool,Stoke City,Home,0.6744186046511628
3753986,Stoke City,Liverpool,Away,0.5416666666666666
3753988,AFC Bournemouth,Swansea City,Home,1.2959183673469388
3753988,Swansea City,AFC Bournemouth,Away,0.956989247311828
3753989,Sunderland,Everton,Home,0.45263157894736844
3753989,Everton,Sunderland,Away,0.9310344827586207
3753990,Sunderland,Arsenal,Home,0.7956989247311828
3753990,Arsenal,Sunderland,Away,0.6551724137931034
3753991,Liverpool,Manchester City,Home,1.7777777777777777
3753991,Manchester City,Liverpool,Away,1.0309278350515463
3753992,Tottenham Hotspur,Southampton,Home,1.144736842105263
3753992,Southampton,Tottenham Hotspur,Away,0.7788461538461539
3753994,Southampton,Crystal Palace,Home,0.6938775510204082
3753994,Crystal Palace,Southampton,Away,0.9555555555555556
3753997,West Ham United,Aston Villa,Home,0.8314606741573034
3753997,Aston Villa,West Ham United,Away,0.5510204081632653
3753998,West Ham United,Southampton,Home,0.4948453608247423
3753998,Southampton,West Ham United,Away,1.0192307692307692
3754002,Leicester City,Newcastle United,Home,1.1222222222222222
3754002,Newcastle United,Leicester City,Away,0.5688073394495413
3754004,AFC Bournemouth,Norwich City,Home,0.7692307692307693
3754004,Norwich City,AFC Bournemouth,Away,0.8811881188118812
3754005,Stoke City,Newcastle United,Home,0.7096774193548387
3754005,Newcastle United,Stoke City,Away,0.6732673267326733
3754009,Arsenal,Crystal Palace,Home,1.358974358974359
3754009,Crystal Palace,Arsenal,Away,0.62
3754012,Southampton,Chelsea,Home,0.6382978723404256
3754012,Chelsea,Southampton,Away,0.6206896551724138
3754016,Southampton,Newcastle United,Home,0.8837209302325582
3754016,Newcastle United,Southampton,Away,0.5471698113207547
3754018,Swansea City,Liverpool,Home,1.0808080808080809
3754018,Liverpool,Swansea City,Away,1.1827956989247312
3754019,Manchester United,Chelsea,Home,1.1136363636363635
3754019,Chelsea,Manchester United,Away,0.9506172839506173
3754021,AFC Bournemouth,West Ham United,Home,1.3578947368421053
3754021,West Ham United,AFC Bournemouth,Away,0.978494623655914
3754022,Crystal Palace,Norwich City,Home,0.48148148148148145
3754022,Norwich City,Crystal Palace,Away,0.8723404255319149
3754024,Newcastle United,Swansea City,Home,0.7757009345794392
3754024,Swansea City,Newcastle United,Away,0.7575757575757576
3754026,Crystal Palace,Stoke City,Home,1.024390243902439
3754026,Stoke City,Crystal Palace,Away,0.6513761467889908
3754027,Tottenham Hotspur,Sunderland,Home,0.8478260869565217
3754027,Sunderland,Tottenham Hotspur,Away,0.48
3754030,Watford,Everton,Home,1.118811881188119
3754030,Everton,Watford,Away,1.0
3754031,Sunderland,Manchester United,Home,0.9148936170212766
3754031,Manchester United,Sunderland,Away,0.9393939393939394
3754032,Stoke City,Norwich City,Home,1.144578313253012
3754032,Norwich City,Stoke City,Away,0.9625
3754033,Leicester City,Everton,Home,1.0246913580246915
3754033,Everton,Leicester City,Away,0.6629213483146067
3754035,Manchester City,West Bromwich Albion,Home,0.5595238095238095
3754035,West Bromwich Albion,Manchester City,Away,0.4166666666666667
3754036,Sunderland,Aston Villa,Home,0.6923076923076923
3754036,Aston Villa,Sunderland,Away,0.7019230769230769
3754061,Chelsea,Stoke City,Home,0.6454545454545455
3754061,Stoke City,Chelsea,Away,0.660377358490566
3754062,Chelsea,West Bromwich Albion,Home,0.8241758241758241
3754062,West Bromwich Albion,Chelsea,Away,1.0909090909090908
3754063,Watford,Aston Villa,Home,0.7647058823529411
3754063,Aston Villa,Watford,Away,0.58
3754069,Arsenal,Newcastle United,Home,1.146341463414634
3754069,Newcastle United,Arsenal,Away,0.6404494382022472
3754070,Aston Villa,Newcastle United,Home,0.7171717171717171
3754070,Newcastle United,Aston Villa,Away,1.0736842105263158
3754071,Swansea City,Sunderland,Home,1.1014492753623188
3754071,Sunderland,Swansea City,Away,1.2839506172839505
3754075,Aston Villa,Chelsea,Home,0.9905660377358491
3754075,Chelsea,Aston Villa,Away,0.7425742574257426
3754080,Tottenham Hotspur,Watford,Home,1.053763440860215
3754080,Watford,Tottenham Hotspur,Away,0.6145833333333334
3754081,West Bromwich Albion,Manchester United,Home,1.1477272727272727
3754081,Manchester United,West Bromwich Albion,Away,0.6666666666666666
3754084,West Bromwich Albion,Aston Villa,Home,0.9753086419753086
3754084,Aston Villa,West Bromwich Albion,Away,0.6823529411764706
3754086,West Ham United,Watford,Home,0.970873786407767
3754086,Watford,West Ham United,Away,0.8532110091743119
3754087,Liverpool,Tottenham Hotspur,Home,1.05
3754087,Tottenham Hotspur,Liverpool,Away,0.98989898989899
3754088,Newcastle United,Manchester United,Home,0.6422018348623854
3754088,Manchester United,Newcastle United,Away,1.0217391304347827
3754089,Crystal Palace,AFC Bournemouth,Home,1.0842105263157895
3754089,AFC Bournemouth,Crystal Palace,Away,0.6868686868686869
3754092,Chelsea,Tottenham Hotspur,Home,0.9456521739130435
3754092,Tottenham Hotspur,Chelsea,Away,0.8878504672897196
3754094,Manchester United,Stoke City,Home,0.7755102040816326
3754094,Stoke City,Manchester United,Away,0.9390243902439024
3754095,Sunderland,Manchester City,Home,1.5256410256410255
3754095,Manchester City,Sunderland,Away,0.6470588235294118
3754100,Newcastle United,Sunderland,Home,0.6868686868686869
3754100,Sunderland,Newcastle United,Away,0.7578947368421053
3754101,Norwich City,Southampton,Home,0.8701298701298701
3754101,Southampton,Norwich City,Away,0.8026315789473685
3754103,Watford,Chelsea,Home,1.0823529411764705
3754103,Chelsea,Watford,Away,0.9381443298969072
3754108,Sunderland,Chelsea,Home,1.588235294117647
3754108,Chelsea,Sunderland,Away,0.7283950617283951
3754110,West Ham United,Manchester City,Home,0.627906976744186
3754110,Manchester City,West Ham United,Away,0.7731958762886598
3754111,Arsenal,Chelsea,Home,0.9397590361445783
3754111,Chelsea,Arsenal,Away,0.5196078431372549
3754114,Crystal Palace,Chelsea,Home,1.0297029702970297
3754114,Chelsea,Crystal Palace,Away,0.9696969696969697
3754116,Swansea City,Chelsea,Home,0.944954128440367
3754116,Chelsea,Swansea City,Away,0.963302752293578
3754118,Arsenal,Watford,Home,0.41304347826086957
3754118,Watford,Arsenal,Away,0.6043956043956044
3754120,Southampton,West Ham United,Home,0.5647058823529412
3754120,West Ham United,Southampton,Away,1.1830985915492958
3754121,Watford,AFC Bournemouth,Home,0.7941176470588235
3754121,AFC Bournemouth,Watford,Away,1.1263157894736842
3754122,West Bromwich Albion,Stoke City,Home,0.8648648648648649
3754122,Stoke City,West Bromwich Albion,Away,0.5757575757575758
3754123,Everton,Norwich City,Home,0.7747747747747747
3754123,Norwich City,Everton,Away,0.7222222222222222
3754124,Manchester City,Manchester United,Home,0.8108108108108109
3754124,Manchester United,Manchester City,Away,0.8598130841121495
3754125,Chelsea,Everton,Home,1.3932584269662922
3754125,Everton,Chelsea,Away,0.6385542168674698
3754127,Stoke City,Everton,Home,1.3258426966292134
3754127,Everton,Stoke City,Away,0.7052631578947368
3754132,Stoke City,Sunderland,Home,0.422680412371134
3754132,Sunderland,Stoke City,Away,0.8787878787878788
3754134,West Ham United,Manchester United,Home,0.8863636363636364
3754134,Manchester United,West Ham United,Away,0.6947368421052632
3754137,Everton,Southampton,Home,0.4268292682926829
3754137,Southampton,Everton,Away,0.9058823529411765
3754139,Swansea City,Southampton,Home,0.5869565217391305
3754139,Southampton,Swansea City,Away,0.5454545454545454
3754140,Everton,Tottenham Hotspur,Home,0.4444444444444444
3754140,Tottenham Hotspur,Everton,Away,0.8
3754142,Manchester City,Everton,Home,0.8529411764705882
3754142,Everton,Manchester City,Away,0.7567567567567568
3754144,AFC Bournemouth,Manchester City,Home,1.0833333333333333
3754144,Manchester City,AFC Bournemouth,Away,0.9292929292929293
3754147,Manchester City,Tottenham Hotspur,Home,1.10989010989011
3754147,Tottenham Hotspur,Manchester City,Away,1.25
3754149,Swansea City,Manchester City,Home,1.054054054054054
3754149,Manchester City,Swansea City,Away,1.7570093457943925
3754151,Swansea City,Norwich City,Home,0.5164835164835165
3754151,Norwich City,Swansea City,Away,0.5701754385964912
3754152,Sunderland,Leicester City,Home,0.7476635514018691
3754152,Leicester City,Sunderland,Away,0.9230769230769231
3754154,Liverpool,Newcastle United,Home,1.2916666666666667
3754154,Newcastle United,Liverpool,Away,0.9814814814814815
3754155,West Bromwich Albion,Watford,Home,0.44
3754155,Watford,West Bromwich Albion,Away,0.19008264462809918
3754158,West Ham United,Swansea City,Home,0.6413043478260869
3754158,Swansea City,West Ham United,Away,0.7840909090909091
3754159,Manchester United,AFC Bournemouth,Home,1.216867469879518
3754159,AFC Bournemouth,Manchester United,Away,0.935064935064935
3754161,Swansea City,Watford,Home,1.0
3754161,Watford,Swansea City,Away,0.8064516129032258
3754163,Everton,Swansea City,Home,1.5555555555555556
3754163,Swansea City,Everton,Away,0.6611570247933884
3754164,Southampton,Sunderland,Home,0.9066666666666666
3754164,Sunderland,Southampton,Away,0.9886363636363636
3754165,Manchester United,Leicester City,Home,1.0470588235294118
3754165,Leicester City,Manchester United,Away,0.9716981132075472
3754168,Southampton,West Bromwich Albion,Home,0.875
3754168,West Bromwich Albion,Southampton,Away,0.8846153846153846
3754170,Newcastle United,Crystal Palace,Home,0.8823529411764706
3754170,Crystal Palace,Newcastle United,Away,0.8461538461538461
3754172,Norwich City,Sunderland,Home,0.8571428571428571
3754172,Sunderland,Norwich City,Away,0.6306306306306306
3754176,West Ham United,Crystal Palace,Home,0.53125
3754176,Crystal Palace,West Ham United,Away,0.8235294117647058
3754177,Newcastle United,AFC Bournemouth,Home,1.0588235294117647
3754177,AFC Bournemouth,Newcastle United,Away,1.4942528735632183
3754179,Crystal Palace,Tottenham Hotspur,Home,0.9375
3754179,Tottenham Hotspur,Crystal Palace,Away,0.803921568627451
3754181,Crystal Palace,Leicester City,Home,0.6867469879518072
3754181,Leicester City,Crystal Palace,Away,0.7821782178217822
3754183,Southampton,Watford,Home,1.18
3754183,Watford,Southampton,Away,0.9895833333333334
3754184,Arsenal,Norwich City,Home,0.9882352941176471
3754184,Norwich City,Arsenal,Away,0.6785714285714286
3754187,Stoke City,Tottenham Hotspur,Home,0.9807692307692307
3754187,Tottenham Hotspur,Stoke City,Away,1.0421052631578946
3754191,Southampton,AFC Bournemouth,Home,0.7613636363636364
3754191,AFC Bournemouth,Southampton,Away,1.4857142857142858
3754192,West Bromwich Albion,West Ham United,Home,1.3411764705882352
3754192,West Ham United,West Bromwich Albion,Away,0.65
3754195,West Bromwich Albion,Newcastle United,Home,1.289855072463768
3754195,Newcastle United,West Bromwich Albion,Away,0.47
3754196,Stoke City,Southampton,Home,0.7010309278350515
3754196,Southampton,Stoke City,Away,0.7386363636363636
3754199,Stoke City,West Ham United,Home,0.49
3754199,West Ham United,Stoke City,Away,0.7386363636363636
3754200,Manchester United,Southampton,Home,0.7083333333333334
3754200,Southampton,Manchester United,Away,0.9629629629629629
3754201,Arsenal,Southampton,Home,0.7920792079207921
3754201,Southampton,Arsenal,Away,0.6044776119402985
3754202,Stoke City,Arsenal,Home,1.0510204081632653
3754202,Arsenal,Stoke City,Away,0.6774193548387096
3754206,Newcastle United,Manchester City,Home,1.2277227722772277
3754206,Manchester City,Newcastle United,Away,1.0108695652173914
3754207,Norwich City,Watford,Home,0.8588235294117647
3754207,Watford,Norwich City,Away,0.40789473684210525
3754209,Tottenham Hotspur,Manchester United,Home,1.3137254901960784
3754209,Manchester United,Tottenham Hotspur,Away,0.9325842696629213
3754210,Norwich City,Manchester United,Home,0.9245283018867925
3754210,Manchester United,Norwich City,Away,0.6526315789473685
3754214,Aston Villa,Liverpool,Home,0.6219512195121951
3754214,Liverpool,Aston Villa,Away,1.4027777777777777
3754215,West Bromwich Albion,Tottenham Hotspur,Home,0.9907407407407407
3754215,Tottenham Hotspur,West Bromwich Albion,Away,0.7604166666666666
3754216,AFC Bournemouth,Liverpool,Home,0.8034188034188035
3754216,Liverpool,AFC Bournemouth,Away,0.7213114754098361
3754220,Crystal Palace,Liverpool,Home,1.0851063829787233
3754220,Liverpool,Crystal Palace,Away,0.8020833333333334
3754224,Swansea City,Aston Villa,Home,1.0681818181818181
3754224,Aston Villa,Swansea City,Away,0.9292929292929293
3754225,AFC Bournemouth,West Bromwich Albion,Home,0.8953488372093024
3754225,West Bromwich Albion,AFC Bournemouth,Away,0.8058252427184466
3754227,Leicester City,West Ham United,Home,1.0113636363636365
3754227,West Ham United,Leicester City,Away,0.5975609756097561
3754228,Leicester City,Swansea City,Home,0.9099099099099099
3754228,Swansea City,Leicester City,Away,1.5280898876404494
3754229,Chelsea,Leicester City,Home,0.6020408163265306
3754229,Leicester City,Chelsea,Away,1.1009174311926606
3754231,Leicester City,West Bromwich Albion,Home,0.6413043478260869
3754231,West Bromwich Albion,Leicester City,Away,0.94
3754232,Manchester United,Watford,Home,0.918918918918919
3754232,Watford,Manchester United,Away,0.6363636363636364
3754236,West Bromwich Albion,Crystal Palace,Home,0.8947368421052632
3754236,Crystal Palace,West Bromwich Albion,Away,0.8804347826086957
3754239,Manchester United,Arsenal,Home,1.029126213592233
3754239,Arsenal,Manchester United,Away,0.7790697674418605
3754241,West Ham United,Arsenal,Home,0.46153846153846156
3754241,Arsenal,West Ham United,Away,0.6021505376344086
3754242,AFC Bournemouth,Chelsea,Home,0.9439252336448598
3754242,Chelsea,AFC Bournemouth,Away,0.7674418604651163
3754243,Norwich City,Newcastle United,Home,0.6739130434782609
3754243,Newcastle United,Norwich City,Away,0.6382978723404256
3754244,Norwich City,West Ham United,Home,1.0480769230769231
3754244,West Ham United,Norwich City,Away,0.6082474226804123
3754249,Manchester City,Aston Villa,Home,1.4675324675324675
3754249,Aston Villa,Manchester City,Away,0.6842105263157895
3754250,Aston Villa,Leicester City,Home,0.8526315789473684
3754250,Leicester City,Aston Villa,Away,0.7448979591836735
3754251,West Ham United,Liverpool,Home,0.4690265486725664
3754251,Liverpool,West Ham United,Away,1.4482758620689655
3754252,Everton,Newcastle United,Home,1.0
3754252,Newcastle United,Everton,Away,0.5959595959595959
3754253,AFC Bournemouth,Arsenal,Home,1.303370786516854
3754253,Arsenal,AFC Bournemouth,Away,1.1428571428571428
3754260,Manchester City,Crystal Palace,Home,1.5301204819277108
3754260,Crystal Palace,Manchester City,Away,0.7916666666666666
3754261,Arsenal,Leicester City,Home,1.0886075949367089
3754261,Leicester City,Arsenal,Away,0.8148148148148148
3754262,Aston Villa,AFC Bournemouth,Home,1.0833333333333333
3754262,AFC Bournemouth,Aston Villa,Away,1.2222222222222223
3754264,Chelsea,Newcastle United,Home,1.9204545454545454
3754264,Newcastle United,Chelsea,Away,0.7741935483870968
3754295,Manchester United,Aston Villa,Home,1.2073170731707317
3754295,Aston Villa,Manchester United,Away,0.5196078431372549
3754271,Watford,Newcastle United,Home,1.1263157894736842
3754271,Newcastle United,Watford,Away,0.9523809523809523
3754272,Stoke City,Swansea City,Home,1.2142857142857142
3754272,Swansea City,Stoke City,Away,0.9368421052631579
3754274,AFC Bournemouth,Stoke City,Home,0.6923076923076923
3754274,Stoke City,AFC Bournemouth,Away,0.2920353982300885
3754275,Leicester City,Liverpool,Home,0.9223300970873787
3754275,Liverpool,Leicester City,Away,1.0
3754277,Everton,West Ham United,Home,0.44339622641509435
3754277,West Ham United,Everton,Away,0.6976744186046512
3754280,Norwich City,Chelsea,Home,0.8
3754280,Chelsea,Norwich City,Away,0.29896907216494845
3754281,Chelsea,Manchester United,Home,0.5454545454545454
3754281,Manchester United,Chelsea,Away,0.6476190476190476
3754282,Aston Villa,Southampton,Home,0.8494623655913979
3754282,Southampton,Aston Villa,Away,1.1037735849056605
3754284,Arsenal,West Bromwich Albion,Home,0.8461538461538461
3754284,West Bromwich Albion,Arsenal,Away,0.9130434782608695
3754289,Watford,Leicester City,Home,0.5619047619047619
3754289,Leicester City,Watford,Away,0.6814159292035398
3754290,Manchester City,Leicester City,Home,0.8148148148148148
3754290,Leicester City,Manchester City,Away,0.5045871559633027
3754292,Newcastle United,West Bromwich Albion,Home,0.6966292134831461
3754292,West Bromwich Albion,Newcastle United,Away,0.6804123711340206
3754294,Liverpool,Everton,Home,1.4523809523809523
3754294,Everton,Liverpool,Away,0.48314606741573035
3754248,AFC Bournemouth,Crystal Palace,Home,0.7666666666666667
3754248,Crystal Palace,AFC Bournemouth,Away,0.8505747126436781
3754299,Manchester United,Everton,Home,1.1720430107526882
3754299,Everton,Manchester United,Away,1.0823529411764705
3754303,Swansea City,Crystal Palace,Home,1.2340425531914894
3754303,Crystal Palace,Swansea City,Away,0.8620689655172413
3754305,Liverpool,Arsenal,Home,1.0337078651685394
3754305,Arsenal,Liverpool,Away,0.898989898989899
3754306,Aston Villa,Norwich City,Home,0.6944444444444444
3754306,Norwich City,Aston Villa,Away,0.7640449438202247
3754307,Manchester City,Stoke City,Home,0.9358974358974359
3754307,Stoke City,Manchester City,Away,0.7011494252873564
3754308,Watford,Sunderland,Home,0.7171717171717171
3754308,Sunderland,Watford,Away,0.7422680412371134
3754310,Manchester United,Crystal Palace,Home,1.021505376344086
3754310,Crystal Palace,Manchester United,Away,0.6888888888888889
3754313,Norwich City,Manchester City,Home,0.9545454545454546
3754313,Manchester City,Norwich City,Away,1.0
3754314,Manchester City,Arsenal,Home,0.8522727272727273
3754314,Arsenal,Manchester City,Away,0.5773195876288659
3754316,Liverpool,Sunderland,Home,1.0389610389610389
3754316,Sunderland,Liverpool,Away,0.5490196078431373
3754317,Norwich City,Tottenham Hotspur,Home,0.9263157894736842
3754317,Tottenham Hotspur,Norwich City,Away,1.1770833333333333
3754318,Tottenham Hotspur,Arsenal,Home,1.5280898876404494
3754318,Arsenal,Tottenham Hotspur,Away,0.6666666666666666
3754319,Manchester United,Swansea City,Home,1.313953488372093
3754319,Swansea City,Manchester United,Away,1.1111111111111112
3754320,Southampton,Manchester City,Home,1.1647058823529413
3754320,Manchester City,Southampton,Away,1.1744186046511629
3754321,Stoke City,Aston Villa,Home,1.263157894736842
3754321,Aston Villa,Stoke City,Away,1.0505050505050506
3754322,Chelsea,Manchester City,Home,0.7478991596638656
3754322,Manchester City,Chelsea,Away,0.8288288288288288
3754324,Tottenham Hotspur,Swansea City,Home,0.9803921568627451
3754324,Swansea City,Tottenham Hotspur,Away,0.46846846846846846
3754326,Crystal Palace,Swansea City,Home,1.1555555555555554
3754326,Swansea City,Crystal Palace,Away,0.7524752475247525
3754327,Aston Villa,Everton,Home,1.0227272727272727
3754327,Everton,Aston Villa,Away,0.5113636363636364
3754331,West Ham United,Sunderland,Home,0.6146788990825688
3754331,Sunderland,West Ham United,Away,0.57
3754332,Tottenham Hotspur,West Bromwich Albion,Home,0.8055555555555556
3754332,West Bromwich Albion,Tottenham Hotspur,Away,1.125
3754333,Newcastle United,Tottenham Hotspur,Home,0.4787234042553192
3754333,Tottenham Hotspur,Newcastle United,Away,0.8987341772151899
3754334,AFC Bournemouth,Southampton,Home,1.2325581395348837
3754334,Southampton,AFC Bournemouth,Away,1.0315789473684212
3754338,Newcastle United,West Ham United,Home,0.8679245283018868
3754338,West Ham United,Newcastle United,Away,0.8020833333333334
3754340,West Bromwich Albion,Swansea City,Home,1.0879120879120878
3754340,Swansea City,West Bromwich Albion,Away,0.63
3754341,Leicester City,Stoke City,Home,0.9523809523809523
3754341,Stoke City,Leicester City,Away,0.6842105263157895
3754342,Liverpool,Watford,Home,0.7840909090909091
3754342,Watford,Liverpool,Away,1.0229885057471264
3754345,Liverpool,Manchester United,Home,0.8695652173913043
3754345,Manchester United,Liverpool,Away,0.7755102040816326
3754346,Watford,Manchester City,Home,0.8414634146341463
3754346,Manchester City,Watford,Away,0.5714285714285714
3754348,Norwich City,Liverpool,Home,0.8791208791208791
3754348,Liverpool,Norwich City,Away,0.9215686274509803
3754349,West Ham United,Tottenham Hotspur,Home,0.9615384615384616
3754349,Tottenham Hotspur,West Ham United,Away,0.8529411764705882
3754350,Everton,West Bromwich Albion,Home,1.3287671232876712
3754350,West Bromwich Albion,Everton,Away,0.3786407766990291
3754258,Aston Villa,Manchester City,Home,0.5641025641025641
3754258,Manchester City,Aston Villa,Away,1.0147058823529411
3754020,Liverpool,AFC Bournemouth,Home,0.5779816513761468
3754020,AFC Bournemouth,Liverpool,Away,1.0891089108910892
3754267,Watford,West Bromwich Albion,Home,1.0909090909090908
3754267,West Bromwich Albion,Watford,Away,0.7010309278350515
3754141,Arsenal,West Ham United,Home,0.6020408163265306
3754141,West Ham United,Arsenal,Away,0.5192307692307693
3754128,AFC Bournemouth,Aston Villa,Home,1.2560975609756098
3754128,Aston Villa,AFC Bournemouth,Away,0.9893617021276596
3754078,Chelsea,Swansea City,Home,0.6808510638297872
3754078,Swansea City,Chelsea,Away,0.6060606060606061
