match_id,team,opponent,venue,attempts,opponent_possessions,rate
3825739,Real Madrid,Sporting Gijón,Home,71,99,0.7171717171717171
3825739,Sporting Gijón,Real Madrid,Away,63,97,0.6494845360824743
3825848,Levante UD,Eibar,Home,74,92,0.8043478260869565
3825848,Eibar,Levante UD,Away,84,115,0.7304347826086957
3825895,Las Palmas,Sevilla,Home,64,94,0.6808510638297872
3825895,Sevilla,Las Palmas,Away,63,105,0.6
3825894,RC Deportivo La Coruña,Getafe,Home,104,91,1.1428571428571428
3825894,Getafe,RC Deportivo La Coruña,Away,83,108,0.7685185185185185
3825855,Málaga,Levante UD,Home,60,107,0.5607476635514018
3825855,Levante UD,Málaga,Away,63,108,0.5833333333333334
3825908,Espanyol,Eibar,Home,79,106,0.7452830188679245
3825908,Eibar,Espanyol,Away,114,95,1.2
3825883,Málaga,Las Palmas,Home,98,100,0.98
3825883,Las Palmas,Málaga,Away,48,89,0.5393258426966292
3825900,Sporting Gijón,Villarreal,Home,103,90,1.1444444444444444
3825900,Villarreal,Sporting Gijón,Away,55,94,0.5851063829787234
3825902,Rayo Vallecano,Levante UD,Home,96,112,0.8571428571428571
3825902,Levante UD,Rayo Vallecano,Away,79,100,0.79
3825876,Real Betis,Getafe,Home,55,90,0.6111111111111112
3825876,Getafe,Real Betis,Away,108,103,1.0485436893203883
3825846,RC Deportivo La Coruña,Real Madrid,Home,66,81,0.8148148148148148
3825846,Real Madrid,RC Deportivo La Coruña,Away,96,92,1.0434782608695652
3825869,Athletic Club,Sevilla,Home,120,90,1.3333333333333333
3825869,Sevilla,Athletic Club,Away,66,108,0.6111111111111112
3825882,Atlético Madrid,Celta Vigo,Home,86,105,0.819047619047619
3825882,Celta Vigo,Atlético Madrid,Away,71,101,0.7029702970297029
3825849,Valencia,Real Sociedad,Home,116,104,1.1153846153846154
3825849,Real Sociedad,Valencia,Away,110,110,1.0
3825860,Levante UD,Atlético Madrid,Home,69,102,0.6764705882352942
3825860,Atlético Madrid,Levante UD,Away,101,108,0.9351851851851852
3825847,Eibar,RC Deportivo La Coruña,Home,143,96,1.4895833333333333
3825847,RC Deportivo La Coruña,Eibar,Away,109,103,1.058252427184466
3825817,Getafe,Eibar,Home,81,111,0.7297297297297297
3825817,Eibar,Getafe,Away,101,103,0.9805825242718447
3825778,Real Betis,Sporting Gijón,Home,125,87,1.4367816091954022
3825778,Sporting Gijón,Real Betis,Away,79,115,0.6869565217391305
3825777,Levante UD,Getafe,Home,52,111,0.46846846846846846
3825777,Getafe,Levante UD,Away,91,102,0.8921568627450981
3825740,Eibar,Granada,Home,75,82,0.9146341463414634
3825740,Granada,Eibar,Away,72,105,0.6857142857142857
3825875,Villarreal,Real Sociedad,Home,85,99,0.8585858585858586
3825875,Real Sociedad,Villarreal,Away,87,97,0.8969072164948454
3825884,Sevilla,Real Betis,Home,100,94,1.0638297872340425
3825884,Real Betis,Sevilla,Away,59,87,0.6781609195402298
3825842,Levante UD,Athletic Club,Home,60,113,0.5309734513274337
3825842,Athletic Club,Levante UD,Away,53,92,0.5760869565217391
3825890,Atlético Madrid,Málaga,Home,116,96,1.2083333333333333
3825890,Málaga,Atlético Madrid,Away,72,105,0.6857142857142857
3825871,Las Palmas,Espanyol,Home,94,96,0.9791666666666666
3825871,Espanyol,Las Palmas,Away,123,99,1.2424242424242424
3825896,Granada,Levante UD,Home,71,100,0.71
3825896,Levante UD,Granada,Away,54,88,0.6136363636363636
3825841,Real Sociedad,Getafe,Home,95,94,1.0106382978723405
3825841,Getafe,Real Sociedad,Away,80,124,0.6451612903225806
3825843,Málaga,Rayo Vallecano,Home,90,89,1.0112359550561798
3825843,Rayo Vallecano,Málaga,Away,86,110,0.7818181818181819
3825839,Sporting Gijón,Sevilla,Home,84,105,0.8
3825839,Sevilla,Sporting Gijón,Away,50,106,0.4716981132075472
3825838,Athletic Club,Atlético Madrid,Home,87,107,0.8130841121495327
3825838,Atlético Madrid,Athletic Club,Away,82,99,0.8282828282828283
3825840,Valencia,Eibar,Home,66,92,0.717391304347826
3825840,Eibar,Valencia,Away,116,85,1.3647058823529412
3825837,Real Betis,Las Palmas,Home,89,89,1.0
3825837,Las Palmas,Real Betis,Away,51,82,0.6219512195121951
3825836,Rayo Vallecano,Villarreal,Home,95,110,0.8636363636363636
3825836,Villarreal,Rayo Vallecano,Away,108,126,0.8571428571428571
3825835,Málaga,Athletic Club,Home,60,94,0.6382978723404256
3825835,Athletic Club,Málaga,Away,94,105,0.8952380952380953
3825834,Atlético Madrid,Granada,Home,99,92,1.076086956521739
3825834,Granada,Atlético Madrid,Away,56,97,0.5773195876288659
3825906,Sevilla,RC Deportivo La Coruña,Home,84,97,0.865979381443299
3825906,RC Deportivo La Coruña,Sevilla,Away,58,108,0.5370370370370371
3825897,Eibar,Real Sociedad,Home,102,100,1.02
3825897,Real Sociedad,Eibar,Away,69,104,0.6634615384615384
3825889,Celta Vigo,Real Betis,Home,93,84,1.1071428571428572
3825889,Real Betis,Celta Vigo,Away,50,114,0.43859649122807015
3825833,Getafe,Real Madrid,Home,95,96,0.9895833333333334
3825833,Real Madrid,Getafe,Away,63,89,0.7078651685393258
3825857,Levante UD,Espanyol,Home,65,89,0.7303370786516854
3825857,Espanyol,Levante UD,Away,58,98,0.5918367346938775
3825863,RC Deportivo La Coruña,Las Palmas,Home,82,91,0.9010989010989011
3825863,Las Palmas,RC Deportivo La Coruña,Away,42,89,0.47191011235955055
3825829,Athletic Club,Rayo Vallecano,Home,92,123,0.7479674796747967
3825829,Rayo Vallecano,Athletic Club,Away,97,97,1.0
3825830,Villarreal,Getafe,Home,51,87,0.5862068965517241
3825830,Getafe,Villarreal,Away,92,104,0.8846153846153846
3825832,Sporting Gijón,Celta Vigo,Home,110,115,0.9565217391304348
3825832,Celta Vigo,Sporting Gijón,Away,69,97,0.711340206185567
3825831,Valencia,Sevilla,Home,103,103,1.0
3825831,Sevilla,Valencia,Away,77,102,0.7549019607843137
3825828,Espanyol,Atlético Madrid,Home,81,101,0.801980198019802
3825828,Atlético Madrid,Espanyol,Away,59,101,0.5841584158415841
3825827,Real Betis,Levante UD,Home,72,97,0.7422680412371134
3825827,Levante UD,Real Betis,Away,87,87,1.0
3825826,Granada,Málaga,Home,73,93,0.7849462365591398
3825826,Málaga,Granada,Away,58,102,0.5686274509803921
3825825,Levante UD,Sporting Gijón,Home,112,103,1.087378640776699
3825825,Sporting Gijón,Levante UD,Away,57,104,0.5480769230769231
3825824,Eibar,Villarreal,Home,129,117,1.1025641025641026
3825824,Villarreal,Eibar,Away,72,112,0.6428571428571429
3825823,Sevilla,Real Sociedad,Home,88,98,0.8979591836734694
3825823,Real Sociedad,Sevilla,Away,76,116,0.6551724137931034
3825905,Málaga,Espanyol,Home,113,94,1.202127659574468
3825905,Espanyol,Málaga,Away,67,101,0.6633663366336634
3825822,Las Palmas,Valencia,Home,93,87,1.0689655172413792
3825822,Valencia,Las Palmas,Away,155,110,1.4090909090909092
3825821,Espanyol,Athletic Club,Home,70,102,0.6862745098039216
3825821,Athletic Club,Espanyol,Away,80,93,0.8602150537634409
3825820,Real Madrid,Sevilla,Home,64,113,0.5663716814159292
3825820,Sevilla,Real Madrid,Away,61,90,0.6777777777777778
3825819,Valencia,Celta Vigo,Home,131,100,1.31
3825819,Celta Vigo,Valencia,Away,86,103,0.8349514563106796
3825818,Real Sociedad,Las Palmas,Home,110,98,1.1224489795918366
3825818,Las Palmas,Real Sociedad,Away,60,112,0.5357142857142857
3825887,Granada,Rayo Vallecano,Home,73,97,0.7525773195876289
3825887,Rayo Vallecano,Granada,Away,80,79,1.0126582278481013
3825907,Sporting Gijón,Atlético Madrid,Home,118,90,1.3111111111111111
3825907,Atlético Madrid,Sporting Gijón,Away,64,96,0.6666666666666666
3825903,Real Betis,Málaga,Home,105,94,1.1170212765957446
3825903,Málaga,Real Betis,Away,99,112,0.8839285714285714
3825816,Sevilla,Villarreal,Home,68,93,0.7311827956989247
3825816,Villarreal,Sevilla,Away,69,82,0.8414634146341463
3825815,Levante UD,Valencia,Home,112,100,1.12
3825815,Valencia,Levante UD,Away,83,109,0.7614678899082569
3825858,Rayo Vallecano,Eibar,Home,56,102,0.5490196078431373
3825858,Eibar,Rayo Vallecano,Away,102,112,0.9107142857142857
3825813,Atlético Madrid,RC Deportivo La Coruña,Home,71,90,0.7888888888888889
3825813,RC Deportivo La Coruña,Atlético Madrid,Away,63,96,0.65625
3825814,Celta Vigo,Real Sociedad,Home,83,120,0.6916666666666667
3825814,Real Sociedad,Celta Vigo,Away,88,99,0.8888888888888888
3825812,Málaga,Sporting Gijón,Home,57,102,0.5588235294117647
3825812,Sporting Gijón,Málaga,Away,92,100,0.92
3825811,Espanyol,Rayo Vallecano,Home,102,101,1.00990099009901
3825811,Rayo Vallecano,Espanyol,Away,86,86,1.0
3825807,Valencia,Atlético Madrid,Home,74,103,0.7184466019417476
3825807,Atlético Madrid,Valencia,Away,95,92,1.0326086956521738
3825809,Real Betis,Granada,Home,74,84,0.8809523809523809
3825809,Granada,Real Betis,Away,68,102,0.6666666666666666
3825810,Real Sociedad,Levante UD,Home,118,105,1.1238095238095238
3825810,Levante UD,Real Sociedad,Away,48,120,0.4
3825808,Sporting Gijón,Athletic Club,Home,75,104,0.7211538461538461
3825808,Athletic Club,Sporting Gijón,Away,86,99,0.8686868686868687
3825804,RC Deportivo La Coruña,Málaga,Home,75,92,0.8152173913043478
3825804,Málaga,RC Deportivo La Coruña,Away,72,100,0.72
3825867,Getafe,Sevilla,Home,89,108,0.8240740740740741
3825867,Sevilla,Getafe,Away,81,107,0.7570093457943925
3825805,Villarreal,Las Palmas,Home,106,85,1.2470588235294118
3825805,Las Palmas,Villarreal,Away,77,108,0.7129629629629629
3825784,Atlético Madrid,Villarreal,Home,114,101,1.1287128712871286
3825784,Villarreal,Atlético Madrid,Away,74,102,0.7254901960784313
3825782,Granada,Valencia,Home,88,103,0.8543689320388349
3825782,Valencia,Granada,Away,102,106,0.9622641509433962
3825757,Real Madrid,Espanyol,Home,76,83,0.9156626506024096
3825757,Espanyol,Real Madrid,Away,80,91,0.8791208791208791
3825641,Athletic Club,Sporting Gijón,Home,88,95,0.9263157894736842
3825641,Sporting Gijón,Athletic Club,Away,73,94,0.776595744680851
3825803,Granada,Sporting Gijón,Home,80,102,0.7843137254901961
3825803,Sporting Gijón,Granada,Away,56,83,0.6746987951807228
3825800,Celta Vigo,Villarreal,Home,93,79,1.1772151898734178
3825800,Villarreal,Celta Vigo,Away,44,113,0.3893805309734513
3825801,Sevilla,Eibar,Home,56,108,0.5185185185185185
3825801,Eibar,Sevilla,Away,101,97,1.041237113402062
3825799,Málaga,Valencia,Home,109,111,0.9819819819819819
3825799,Valencia,Málaga,Away,86,105,0.819047619047619
3825797,Athletic Club,RC Deportivo La Coruña,Home,64,83,0.7710843373493976
3825797,RC Deportivo La Coruña,Athletic Club,Away,97,109,0.8899082568807339
3825798,Levante UD,Real Madrid,Home,86,101,0.8514851485148515
3825798,Real Madrid,Levante UD,Away,78,102,0.7647058823529411
3825796,Las Palmas,Getafe,Home,66,96,0.6875
3825796,Getafe,Las Palmas,Away,98,76,1.2894736842105263
3825795,Atlético Madrid,Real Sociedad,Home,160,96,1.6666666666666667
3825795,Real Sociedad,Atlético Madrid,Away,94,97,0.9690721649484536
3825793,Valencia,Athletic Club,Home,75,98,0.7653061224489796
3825793,Athletic Club,Valencia,Away,65,102,0.6372549019607843
3825792,RC Deportivo La Coruña,Granada,Home,77,90,0.8555555555555555
3825792,Granada,RC Deportivo La Coruña,Away,51,109,0.46788990825688076
3825794,Villarreal,Levante UD,Home,93,93,1.0
3825794,Levante UD,Villarreal,Away,99,93,1.064516129032258
3825788,Getafe,Celta Vigo,Home,88,91,0.967032967032967
3825788,Celta Vigo,Getafe,Away,61,90,0.6777777777777778
3825791,Real Betis,Rayo Vallecano,Home,106,96,1.1041666666666667
3825791,Rayo Vallecano,Real Betis,Away,69,97,0.711340206185567
3825790,Sporting Gijón,Espanyol,Home,58,95,0.6105263157894737
3825790,Espanyol,Sporting Gijón,Away,68,99,0.6868686868686869
3825787,Real Madrid,Atlético Madrid,Home,121,102,1.1862745098039216
3825787,Atlético Madrid,Real Madrid,Away,90,109,0.8256880733944955
3825789,Real Sociedad,Málaga,Home,93,89,1.0449438202247192
3825789,Málaga,Real Sociedad,Away,59,111,0.5315315315315315
3825786,Eibar,Las Palmas,Home,126,119,1.0588235294117647
3825786,Las Palmas,Eibar,Away,60,99,0.6060606060606061
3825781,Rayo Vallecano,Sevilla,Home,62,100,0.62
3825781,Sevilla,Rayo Vallecano,Away,76,113,0.672566371681416
3825785,Málaga,Real Madrid,Home,80,125,0.64
3825785,Real Madrid,Málaga,Away,67,91,0.7362637362637363
3825783,Athletic Club,Real Sociedad,Home,85,100,0.85
3825783,Real Sociedad,Athletic Club,Away,62,108,0.5740740740740741
3825780,Espanyol,RC Deportivo La Coruña,Home,91,107,0.8504672897196262
3825780,RC Deportivo La Coruña,Espanyol,Away,40,99,0.40404040404040403
3825779,Celta Vigo,Eibar,Home,45,90,0.5
3825779,Eibar,Celta Vigo,Away,112,113,0.9911504424778761
3825773,Eibar,Levante UD,Home,90,99,0.9090909090909091
3825773,Levante UD,Eibar,Away,70,115,0.6086956521739131
3825776,Sevilla,Las Palmas,Home,96,89,1.0786516853932584
3825776,Las Palmas,Sevilla,Away,60,114,0.5263157894736842
3825775,Real Sociedad,Granada,Home,77,128,0.6015625
3825775,Granada,Real Sociedad,Away,79,100,0.79
3825769,Villarreal,Málaga,Home,94,99,0.9494949494949495
3825769,Málaga,Villarreal,Away,96,106,0.9056603773584906
3825770,Real Madrid,Athletic Club,Home,62,97,0.6391752577319587
3825770,Athletic Club,Real Madrid,Away,102,89,1.146067415730337
3825768,Sporting Gijón,Rayo Vallecano,Home,89,123,0.7235772357723578
3825768,Rayo Vallecano,Sporting Gijón,Away,77,93,0.8279569892473119
3825736,Valencia,Rayo Vallecano,Home,112,114,0.9824561403508771
3825736,Rayo Vallecano,Valencia,Away,110,129,0.8527131782945736
3825731,Las Palmas,Málaga,Home,93,98,0.9489795918367347
3825731,Málaga,Las Palmas,Away,112,91,1.2307692307692308
3825685,Sporting Gijón,Las Palmas,Home,93,87,1.0689655172413792
3825685,Las Palmas,Sporting Gijón,Away,37,96,0.3854166666666667
3825678,Eibar,Real Madrid,Home,136,118,1.152542372881356
3825678,Real Madrid,Eibar,Away,55,106,0.5188679245283019
3825643,Real Madrid,Las Palmas,Home,94,96,0.9791666666666666
3825643,Las Palmas,Real Madrid,Away,60,103,0.5825242718446602
3825642,RC Deportivo La Coruña,Atlético Madrid,Home,82,88,0.9318181818181818
3825642,Atlético Madrid,RC Deportivo La Coruña,Away,67,84,0.7976190476190477
3825638,Atlético Madrid,Valencia,Home,128,105,1.2190476190476192
3825638,Valencia,Atlético Madrid,Away,60,104,0.5769230769230769
3825614,Granada,RC Deportivo La Coruña,Home,68,107,0.6355140186915887
3825614,RC Deportivo La Coruña,Granada,Away,77,118,0.652542372881356
3825612,Getafe,Levante UD,Home,98,95,1.0315789473684212
3825612,Levante UD,Getafe,Away,50,112,0.44642857142857145
3825607,Villarreal,Atlético Madrid,Home,78,102,0.7647058823529411
3825607,Atlético Madrid,Villarreal,Away,121,98,1.2346938775510203
3825595,Villarreal,Athletic Club,Home,92,104,0.8846153846153846
3825595,Athletic Club,Villarreal,Away,78,95,0.8210526315789474
3825579,Sevilla,Atlético Madrid,Home,55,96,0.5729166666666666
3825579,Atlético Madrid,Sevilla,Away,57,116,0.49137931034482757
3825572,Real Madrid,Real Betis,Home,58,81,0.7160493827160493
3825572,Real Betis,Real Madrid,Away,43,94,0.4574468085106383
3825774,Getafe,Atlético Madrid,Home,94,85,1.1058823529411765
3825774,Atlético Madrid,Getafe,Away,92,92,1.0
3825772,Valencia,Espanyol,Home,50,82,0.6097560975609756
3825772,Espanyol,Valencia,Away,58,105,0.5523809523809524
3825771,RC Deportivo La Coruña,Real Betis,Home,91,97,0.9381443298969072
3825771,Real Betis,RC Deportivo La Coruña,Away,45,100,0.45
3825767,Espanyol,Real Sociedad,Home,82,94,0.8723404255319149
3825767,Real Sociedad,Espanyol,Away,90,94,0.9574468085106383
3825706,Celta Vigo,Athletic Club,Home,83,97,0.8556701030927835
3825706,Athletic Club,Celta Vigo,Away,133,120,1.1083333333333334
3825712,Getafe,RC Deportivo La Coruña,Home,101,95,1.063157894736842
3825712,RC Deportivo La Coruña,Getafe,Away,78,118,0.6610169491525424
3825708,Levante UD,Málaga,Home,92,109,0.8440366972477065
3825708,Málaga,Levante UD,Away,76,114,0.6666666666666666
3825707,Las Palmas,Granada,Home,42,85,0.49411764705882355
3825707,Granada,Las Palmas,Away,72,114,0.631578947368421
3825705,Eibar,Sporting Gijón,Home,96,104,0.9230769230769231
3825705,Sporting Gijón,Eibar,Away,55,111,0.4954954954954955
3825711,Rayo Vallecano,Atlético Madrid,Home,72,108,0.6666666666666666
3825711,Atlético Madrid,Rayo Vallecano,Away,109,112,0.9732142857142857
3825703,Athletic Club,Levante UD,Home,151,101,1.495049504950495
3825703,Levante UD,Athletic Club,Away,86,112,0.7678571428571429
3825700,Real Madrid,Rayo Vallecano,Home,107,110,0.9727272727272728
3825700,Rayo Vallecano,Real Madrid,Away,56,98,0.5714285714285714
3825701,Málaga,Atlético Madrid,Home,90,100,0.9
3825701,Atlético Madrid,Málaga,Away,75,104,0.7211538461538461
3825702,Real Sociedad,Villarreal,Home,73,92,0.7934782608695652
3825702,Villarreal,Real Sociedad,Away,57,122,0.4672131147540984
3825704,Granada,Celta Vigo,Home,92,100,0.92
3825704,Celta Vigo,Granada,Away,63,109,0.5779816513761468
3825891,Espanyol,Las Palmas,Home,116,100,1.16
3825891,Las Palmas,Espanyol,Away,89,96,0.9270833333333334
3825699,Real Betis,Sevilla,Home,115,105,1.0952380952380953
3825699,Sevilla,Real Betis,Away,54,88,0.6136363636363636
3825697,Valencia,Getafe,Home,99,94,1.053191489361702
3825697,Getafe,Valencia,Away,73,114,0.6403508771929824
3825698,RC Deportivo La Coruña,Eibar,Home,35,87,0.40229885057471265
3825698,Eibar,RC Deportivo La Coruña,Away,86,96,0.8958333333333334
3825694,Eibar,Valencia,Home,66,103,0.6407766990291263
3825694,Valencia,Eibar,Away,78,102,0.7647058823529411
3825693,Atlético Madrid,Athletic Club,Home,81,102,0.7941176470588235
3825693,Athletic Club,Atlético Madrid,Away,71,125,0.568
3825696,Rayo Vallecano,Málaga,Home,53,118,0.4491525423728814
3825696,Málaga,Rayo Vallecano,Away,61,114,0.5350877192982456
3825695,Villarreal,Real Madrid,Home,33,109,0.30275229357798167
3825695,Real Madrid,Villarreal,Away,99,84,1.1785714285714286
3825689,Celta Vigo,Espanyol,Home,73,92,0.7934782608695652
3825689,Espanyol,Celta Vigo,Away,101,100,1.01
3825690,Las Palmas,Real Betis,Home,78,95,0.8210526315789474
3825690,Real Betis,Las Palmas,Away,34,122,0.2786885245901639
3825692,Sevilla,Sporting Gijón,Home,109,88,1.2386363636363635
3825692,Sporting Gijón,Sevilla,Away,58,105,0.5523809523809524
3825691,Levante UD,Granada,Home,98,125,0.784
3825691,Granada,Levante UD,Away,100,112,0.8928571428571429
3825688,Getafe,Real Sociedad,Home,68,127,0.5354330708661418
3825688,Real Sociedad,Getafe,Away,63,103,0.6116504854368932
3825687,Espanyol,Levante UD,Home,52,93,0.5591397849462365
3825687,Levante UD,Espanyol,Away,105,104,1.0096153846153846
3825683,Real Sociedad,Eibar,Home,58,104,0.5576923076923077
3825683,Eibar,Real Sociedad,Away,119,103,1.1553398058252426
3825686,Athletic Club,Málaga,Home,90,88,1.0227272727272727
3825686,Málaga,Athletic Club,Away,73,99,0.7373737373737373
3825684,Villarreal,Rayo Vallecano,Home,103,109,0.944954128440367
3825684,Rayo Vallecano,Villarreal,Away,102,109,0.9357798165137615
3825681,Real Madrid,Getafe,Home,74,106,0.6981132075471698
3825681,Getafe,Real Madrid,Away,71,88,0.8068181818181818
3825682,Granada,Atlético Madrid,Home,76,93,0.8172043010752689
3825682,Atlético Madrid,Granada,Away,91,93,0.978494623655914
3825680,RC Deportivo La Coruña,Sevilla,Home,84,107,0.7850467289719626
3825680,Sevilla,RC Deportivo La Coruña,Away,68,125,0.544
3825677,Sevilla,Valencia,Home,115,93,1.2365591397849462
3825677,Valencia,Sevilla,Away,55,101,0.5445544554455446
3825675,Rayo Vallecano,Athletic Club,Home,61,88,0.6931818181818182
3825675,Athletic Club,Rayo Vallecano,Away,119,125,0.952
3825676,Getafe,Villarreal,Home,86,101,0.8514851485148515
3825676,Villarreal,Getafe,Away,88,96,0.9166666666666666
3825674,Atlético Madrid,Espanyol,Home,67,102,0.6568627450980392
3825674,Espanyol,Atlético Madrid,Away,107,113,0.9469026548672567
3825673,Las Palmas,RC Deportivo La Coruña,Home,40,95,0.42105263157894735
3825673,RC Deportivo La Coruña,Las Palmas,Away,67,99,0.6767676767676768
3825671,Celta Vigo,Sporting Gijón,Home,63,95,0.6631578947368421
3825671,Sporting Gijón,Celta Vigo,Away,79,80,0.9875
3825672,Málaga,Granada,Home,41,102,0.4019607843137255
3825672,Granada,Málaga,Away,85,97,0.8762886597938144
3825670,Levante UD,Real Betis,Home,73,84,0.8690476190476191
3825670,Real Betis,Levante UD,Away,61,101,0.6039603960396039
3825669,Getafe,Rayo Vallecano,Home,117,146,0.8013698630136986
3825669,Rayo Vallecano,Getafe,Away,95,104,0.9134615384615384
3825668,Sporting Gijón,Levante UD,Home,92,82,1.1219512195121952
3825668,Levante UD,Sporting Gijón,Away,56,83,0.6746987951807228
3825666,Real Betis,Atlético Madrid,Home,69,94,0.7340425531914894
3825666,Atlético Madrid,Real Betis,Away,90,106,0.8490566037735849
3825665,Granada,Athletic Club,Home,58,117,0.49572649572649574
3825665,Athletic Club,Granada,Away,73,97,0.7525773195876289
3825667,Villarreal,Eibar,Home,57,105,0.5428571428571428
3825667,Eibar,Villarreal,Away,85,114,0.7456140350877193
3825664,Real Sociedad,Sevilla,Home,67,93,0.7204301075268817
3825664,Sevilla,Real Sociedad,Away,93,120,0.775
3825662,RC Deportivo La Coruña,Celta Vigo,Home,97,104,0.9326923076923077
3825662,Celta Vigo,RC Deportivo La Coruña,Away,95,93,1.021505376344086
3825888,Valencia,Las Palmas,Home,118,109,1.0825688073394495
3825888,Las Palmas,Valencia,Away,101,88,1.1477272727272727
3825663,Espanyol,Málaga,Home,69,100,0.69
3825663,Málaga,Espanyol,Away,93,86,1.0813953488372092
3825659,Athletic Club,Espanyol,Home,117,95,1.231578947368421
3825659,Espanyol,Athletic Club,Away,64,103,0.6213592233009708
3825658,Atlético Madrid,Sporting Gijón,Home,108,81,1.3333333333333333
3825658,Sporting Gijón,Atlético Madrid,Away,26,104,0.25
3825660,Barcelona,Villarreal,Home,98,93,1.053763440860215
3825660,Villarreal,Barcelona,Away,60,101,0.594059405940594
3825661,Sevilla,Real Madrid,Home,60,89,0.6741573033707865
3825661,Real Madrid,Sevilla,Away,71,92,0.7717391304347826
3825656,Levante UD,RC Deportivo La Coruña,Home,77,93,0.8279569892473119
3825656,RC Deportivo La Coruña,Levante UD,Away,37,95,0.3894736842105263
3825657,Málaga,Real Betis,Home,111,86,1.2906976744186047
3825657,Real Betis,Málaga,Away,51,98,0.5204081632653061
3825652,Las Palmas,Real Sociedad,Home,57,107,0.5327102803738317
3825652,Real Sociedad,Las Palmas,Away,72,108,0.6666666666666666
3825623,Valencia,Málaga,Home,101,114,0.8859649122807017
3825623,Málaga,Valencia,Away,102,96,1.0625
3825626,Real Betis,Espanyol,Home,98,104,0.9423076923076923
3825626,Espanyol,Real Betis,Away,65,110,0.5909090909090909
3825616,Málaga,Real Sociedad,Home,83,105,0.7904761904761904
3825616,Real Sociedad,Málaga,Away,67,96,0.6979166666666666
3825608,Eibar,Celta Vigo,Home,93,115,0.808695652173913
3825608,Celta Vigo,Eibar,Away,72,87,0.8275862068965517
3825601,Rayo Vallecano,Sporting Gijón,Home,89,93,0.956989247311828
3825601,Sporting Gijón,Rayo Vallecano,Away,86,101,0.8514851485148515
3825899,Getafe,Valencia,Home,92,89,1.0337078651685394
3825899,Valencia,Getafe,Away,85,96,0.8854166666666666
3825852,Las Palmas,Sporting Gijón,Home,69,109,0.6330275229357798
3825852,Sporting Gijón,Las Palmas,Away,169,100,1.69
3825647,Valencia,Levante UD,Home,66,110,0.6
3825647,Levante UD,Valencia,Away,78,112,0.6964285714285714
3825637,Barcelona,Eibar,Home,75,101,0.7425742574257426
3825637,Eibar,Barcelona,Away,81,118,0.6864406779661016
3825628,Getafe,Las Palmas,Home,63,109,0.5779816513761468
3825628,Las Palmas,Getafe,Away,84,94,0.8936170212765957
3825619,Levante UD,Villarreal,Home,72,82,0.8780487804878049
3825619,Villarreal,Levante UD,Away,69,98,0.7040816326530612
3825618,Las Palmas,Eibar,Home,74,81,0.9135802469135802
3825618,Eibar,Las Palmas,Away,94,96,0.9791666666666666
3825611,RC Deportivo La Coruña,Espanyol,Home,63,101,0.6237623762376238
3825611,Espanyol,RC Deportivo La Coruña,Away,54,100,0.54
3825609,Real Sociedad,Athletic Club,Home,63,113,0.5575221238938053
3825609,Athletic Club,Real Sociedad,Away,112,104,1.0769230769230769
3825598,Atlético Madrid,Getafe,Home,97,90,1.0777777777777777
3825598,Getafe,Atlético Madrid,Away,64,89,0.7191011235955056
3825584,Granada,Villarreal,Home,72,100,0.72
3825584,Villarreal,Granada,Away,72,109,0.6605504587155964
3825570,Granada,Eibar,Home,80,96,0.8333333333333334
3825570,Eibar,Granada,Away,108,122,0.8852459016393442
3825562,Málaga,Sevilla,Home,59,91,0.6483516483516484
3825562,Sevilla,Málaga,Away,62,85,0.7294117647058823
3825904,Eibar,Real Betis,Home,132,97,1.3608247422680413
3825904,Real Betis,Eibar,Away,56,110,0.509090909090909
3825901,Real Madrid,Valencia,Home,68,101,0.6732673267326733
3825901,Valencia,Real Madrid,Away,63,110,0.5727272727272728
3825898,Celta Vigo,RC Deportivo La Coruña,Home,57,84,0.6785714285714286
3825898,RC Deportivo La Coruña,Celta Vigo,Away,61,107,0.5700934579439252
3825893,Real Madrid,Villarreal,Home,63,95,0.6631578947368421
3825893,Villarreal,Real Madrid,Away,91,98,0.9285714285714286
3825892,Granada,Real Sociedad,Home,67,114,0.5877192982456141
3825892,Real Sociedad,Granada,Away,57,121,0.47107438016528924
3825886,Rayo Vallecano,Real Madrid,Home,113,127,0.889763779527559
3825886,Real Madrid,Rayo Vallecano,Away,86,99,0.8686868686868687
3825885,Rayo Vallecano,Getafe,Home,76,100,0.76
3825885,Getafe,Rayo Vallecano,Away,91,109,0.8348623853211009
3825881,Granada,Espanyol,Home,48,95,0.5052631578947369
3825881,Espanyol,Granada,Away,70,88,0.7954545454545454
3825880,RC Deportivo La Coruña,Levante UD,Home,77,91,0.8461538461538461
3825880,Levante UD,RC Deportivo La Coruña,Away,90,90,1.0
3825879,Las Palmas,Real Madrid,Home,101,83,1.216867469879518
3825879,Real Madrid,Las Palmas,Away,85,90,0.9444444444444444
3825878,Atlético Madrid,Rayo Vallecano,Home,94,128,0.734375
3825878,Rayo Vallecano,Atlético Madrid,Away,115,103,1.116504854368932
3825877,Athletic Club,Granada,Home,106,83,1.2771084337349397
3825877,Granada,Athletic Club,Away,71,102,0.696078431372549
3825874,Sevilla,Getafe,Home,59,85,0.6941176470588235
3825874,Getafe,Sevilla,Away,59,80,0.7375
3825873,Valencia,Villarreal,Home,113,92,1.2282608695652173
3825873,Villarreal,Valencia,Away,64,93,0.6881720430107527
3825872,Atlético Madrid,Real Betis,Home,127,100,1.27
3825872,Real Betis,Atlético Madrid,Away,62,94,0.6595744680851063
3825870,Athletic Club,Celta Vigo,Home,85,86,0.9883720930232558
3825870,Celta Vigo,Athletic Club,Away,48,98,0.4897959183673469
3825868,Celta Vigo,Granada,Home,74,90,0.8222222222222222
3825868,Granada,Celta Vigo,Away,77,102,0.7549019607843137
3825866,Las Palmas,Athletic Club,Home,69,93,0.7419354838709677
3825866,Athletic Club,Las Palmas,Away,132,130,1.0153846153846153
3825865,Getafe,Sporting Gijón,Home,78,93,0.8387096774193549
3825865,Sporting Gijón,Getafe,Away,60,113,0.5309734513274337
3825864,Real Sociedad,Real Madrid,Home,78,130,0.6
3825864,Real Madrid,Real Sociedad,Away,96,95,1.0105263157894737
3825862,Espanyol,Celta Vigo,Home,108,115,0.9391304347826087
3825862,Celta Vigo,Espanyol,Away,107,113,0.9469026548672567
3825861,Real Sociedad,Rayo Vallecano,Home,92,139,0.6618705035971223
3825861,Rayo Vallecano,Real Sociedad,Away,87,91,0.9560439560439561
3825859,Granada,Las Palmas,Home,90,99,0.9090909090909091
3825859,Las Palmas,Granada,Away,52,87,0.5977011494252874
3825856,Real Madrid,Eibar,Home,64,95,0.6736842105263158
3825856,Eibar,Real Madrid,Away,128,95,1.3473684210526315
3825854,Sporting Gijón,Eibar,Home,78,98,0.7959183673469388
3825854,Eibar,Sporting Gijón,Away,88,96,0.9166666666666666
3825853,Sevilla,Granada,Home,91,89,1.0224719101123596
3825853,Granada,Sevilla,Away,90,112,0.8035714285714286
3825851,Villarreal,RC Deportivo La Coruña,Home,74,83,0.891566265060241
3825851,RC Deportivo La Coruña,Villarreal,Away,38,81,0.4691358024691358
3825850,Celta Vigo,Málaga,Home,64,97,0.6597938144329897
3825850,Málaga,Celta Vigo,Away,77,97,0.7938144329896907
3825845,Espanyol,Sevilla,Home,95,112,0.8482142857142857
3825845,Sevilla,Espanyol,Away,63,88,0.7159090909090909
3825844,Athletic Club,Real Betis,Home,108,124,0.8709677419354839
3825844,Real Betis,Athletic Club,Away,64,91,0.7032967032967034
3825806,Real Madrid,Celta Vigo,Home,92,92,1.0
3825806,Celta Vigo,Real Madrid,Away,73,94,0.776595744680851
3825802,Espanyol,Real Betis,Home,91,98,0.9285714285714286
3825802,Real Betis,Espanyol,Away,56,102,0.5490196078431373
3825679,Real Betis,Celta Vigo,Home,87,81,1.0740740740740742
3825679,Celta Vigo,Real Betis,Away,49,102,0.4803921568627451
3825655,Rayo Vallecano,Granada,Home,62,91,0.6813186813186813
3825655,Granada,Rayo Vallecano,Away,60,98,0.6122448979591837
3825654,Celta Vigo,Valencia,Home,75,93,0.8064516129032258
3825654,Valencia,Celta Vigo,Away,79,105,0.7523809523809524
3825653,Eibar,Getafe,Home,85,117,0.7264957264957265
3825653,Getafe,Eibar,Away,83,98,0.8469387755102041
3825651,Espanyol,Granada,Home,77,97,0.7938144329896907
3825651,Granada,Espanyol,Away,100,103,0.970873786407767
3825650,Real Betis,Athletic Club,Home,89,105,0.8476190476190476
3825650,Athletic Club,Real Betis,Away,78,116,0.6724137931034483
3825649,Sporting Gijón,Málaga,Home,64,93,0.6881720430107527
3825649,Málaga,Sporting Gijón,Away,67,97,0.6907216494845361
3825648,Eibar,Rayo Vallecano,Home,146,111,1.3153153153153154
3825648,Rayo Vallecano,Eibar,Away,53,92,0.5760869565217391
3825765,Celta Vigo,Sevilla,Home,75,82,0.9146341463414634
3825765,Sevilla,Celta Vigo,Away,62,92,0.6739130434782609
3825766,Real Betis,Valencia,Home,58,97,0.5979381443298969
3825766,Valencia,Real Betis,Away,71,100,0.71
3825764,Granada,Real Madrid,Home,140,102,1.3725490196078431
3825764,Real Madrid,Granada,Away,78,85,0.9176470588235294
3825760,Atlético Madrid,Eibar,Home,67,100,0.67
3825760,Eibar,Atlético Madrid,Away,83,103,0.8058252427184466
3825763,Rayo Vallecano,Las Palmas,Home,100,115,0.8695652173913043
3825763,Las Palmas,Rayo Vallecano,Away,83,114,0.7280701754385965
3825761,Athletic Club,Villarreal,Home,81,97,0.8350515463917526
3825761,Villarreal,Athletic Club,Away,120,106,1.1320754716981132
3825762,Sporting Gijón,RC Deportivo La Coruña,Home,77,96,0.8020833333333334
3825762,RC Deportivo La Coruña,Sporting Gijón,Away,60,105,0.5714285714285714
3825759,Málaga,Getafe,Home,79,99,0.797979797979798
3825759,Getafe,Málaga,Away,66,88,0.75
3825758,RC Deportivo La Coruña,Rayo Vallecano,Home,94,108,0.8703703703703703
3825758,Rayo Vallecano,RC Deportivo La Coruña,Away,74,123,0.6016260162601627
3825756,Sevilla,Levante UD,Home,47,97,0.4845360824742268
3825756,Levante UD,Sevilla,Away,69,85,0.8117647058823529
3825755,Valencia,Sporting Gijón,Home,100,106,0.9433962264150944
3825755,Sporting Gijón,Valencia,Away,94,111,0.8468468468468469
3825754,Las Palmas,Celta Vigo,Home,92,90,1.0222222222222221
3825754,Celta Vigo,Las Palmas,Away,60,109,0.5504587155963303
3825750,Real Sociedad,Real Betis,Home,154,112,1.375
3825750,Real Betis,Real Sociedad,Away,44,98,0.4489795918367347
3825752,Eibar,Málaga,Home,55,102,0.5392156862745098
3825752,Málaga,Eibar,Away,64,121,0.5289256198347108
3825751,Getafe,Athletic Club,Home,62,91,0.6813186813186813
3825751,Athletic Club,Getafe,Away,136,102,1.3333333333333333
3825753,Villarreal,Granada,Home,73,103,0.7087378640776699
3825753,Granada,Villarreal,Away,130,111,1.1711711711711712
3825749,Levante UD,Las Palmas,Home,75,107,0.7009345794392523
3825749,Las Palmas,Levante UD,Away,72,79,0.9113924050632911
3825747,Athletic Club,Eibar,Home,86,112,0.7678571428571429
3825747,Eibar,Athletic Club,Away,65,102,0.6372549019607843
3825748,Atlético Madrid,Sevilla,Home,92,85,1.0823529411764705
3825748,Sevilla,Atlético Madrid,Away,44,107,0.411214953271028
3825745,RC Deportivo La Coruña,Valencia,Home,78,107,0.7289719626168224
3825745,Valencia,RC Deportivo La Coruña,Away,34,94,0.3617021276595745
3825746,Real Betis,Real Madrid,Home,76,101,0.7524752475247525
3825746,Real Madrid,Real Betis,Away,72,93,0.7741935483870968
3825743,Rayo Vallecano,Celta Vigo,Home,97,105,0.9238095238095239
3825743,Celta Vigo,Rayo Vallecano,Away,66,109,0.6055045871559633
3825744,Espanyol,Villarreal,Home,73,95,0.7684210526315789
3825744,Villarreal,Espanyol,Away,94,86,1.0930232558139534
3825742,Granada,Getafe,Home,114,118,0.9661016949152542
3825742,Getafe,Granada,Away,93,100,0.93
3825741,Sporting Gijón,Real Sociedad,Home,80,97,0.8247422680412371
3825741,Real Sociedad,Sporting Gijón,Away,90,93,0.967741935483871
3825738,Las Palmas,Atlético Madrid,Home,60,88,0.6818181818181818
3825738,Atlético Madrid,Las Palmas,Away,122,107,1.1401869158878504
3825737,Getafe,Espanyol,Home,100,108,0.9259259259259259
3825737,Espanyol,Getafe,Away,78,89,0.8764044943820225
3825734,Real Sociedad,RC Deportivo La Coruña,Home,128,93,1.3763440860215055
3825734,RC Deportivo La Coruña,Real Sociedad,Away,74,113,0.6548672566371682
3825733,Sevilla,Málaga,Home,69,94,0.7340425531914894
3825733,Málaga,Sevilla,Away,131,90,1.4555555555555555
3825732,Celta Vigo,Levante UD,Home,95,100,0.95
3825732,Levante UD,Celta Vigo,Away,106,134,0.7910447761194029
3825735,Villarreal,Real Betis,Home,79,101,0.7821782178217822
3825735,Real Betis,Villarreal,Away,79,91,0.8681318681318682
3825729,Villarreal,Sporting Gijón,Home,88,100,0.88
3825729,Sporting Gijón,Villarreal,Away,100,85,1.1764705882352942
3825728,Celta Vigo,Atlético Madrid,Home,89,95,0.9368421052631579
3825728,Atlético Madrid,Celta Vigo,Away,99,108,0.9166666666666666
3825730,Real Sociedad,Valencia,Home,112,109,1.0275229357798166
3825730,Valencia,Real Sociedad,Away,70,108,0.6481481481481481
3825727,Eibar,Espanyol,Home,86,98,0.8775510204081632
3825727,Espanyol,Eibar,Away,68,125,0.544
3825723,Levante UD,Rayo Vallecano,Home,76,123,0.6178861788617886
3825723,Rayo Vallecano,Levante UD,Away,97,109,0.8899082568807339
3825726,Sevilla,Athletic Club,Home,54,92,0.5869565217391305
3825726,Athletic Club,Sevilla,Away,122,95,1.2842105263157895
3825725,Getafe,Real Betis,Home,91,90,1.011111111111111
3825725,Real Betis,Getafe,Away,57,97,0.5876288659793815
3825724,Real Madrid,RC Deportivo La Coruña,Home,64,126,0.5079365079365079
3825724,RC Deportivo La Coruña,Real Madrid,Away,64,118,0.5423728813559322
3825722,Sporting Gijón,Getafe,Home,59,101,0.5841584158415841
3825722,Getafe,Sporting Gijón,Away,69,94,0.7340425531914894
3825716,Rayo Vallecano,Real Sociedad,Home,73,107,0.6822429906542056
3825716,Real Sociedad,Rayo Vallecano,Away,77,105,0.7333333333333333
3825719,Athletic Club,Las Palmas,Home,139,115,1.208695652173913
3825719,Las Palmas,Athletic Club,Away,71,93,0.7634408602150538
3825720,Real Betis,Eibar,Home,79,95,0.8315789473684211
3825720,Eibar,Real Betis,Away,68,103,0.6601941747572816
3825717,Granada,Sevilla,Home,68,105,0.6476190476190476
3825717,Sevilla,Granada,Away,49,86,0.5697674418604651
3825721,RC Deportivo La Coruña,Villarreal,Home,100,99,1.0101010101010102
3825721,Villarreal,RC Deportivo La Coruña,Away,44,107,0.411214953271028
3825718,Valencia,Real Madrid,Home,77,89,0.8651685393258427
3825718,Real Madrid,Valencia,Away,56,104,0.5384615384615384
3825715,Málaga,Celta Vigo,Home,112,100,1.12
3825715,Celta Vigo,Málaga,Away,46,97,0.4742268041237113
3825714,Atlético Madrid,Levante UD,Home,84,89,0.9438202247191011
3825714,Levante UD,Atlético Madrid,Away,79,104,0.7596153846153846
3825713,Villarreal,Valencia,Home,84,106,0.7924528301886793
3825713,Valencia,Villarreal,Away,50,93,0.5376344086021505
3825710,Real Madrid,Real Sociedad,Home,59,90,0.6555555555555556
3825710,Real Sociedad,Real Madrid,Away,102,114,0.8947368421052632
3825709,Sevilla,Espanyol,Home,77,134,0.5746268656716418
3825709,Espanyol,Sevilla,Away,76,93,0.8172043010752689
3825646,Villarreal,Sevilla,Home,56,88,0.6363636363636364
3825646,Sevilla,Villarreal,Away,65,78,0.8333333333333334
3825645,Getafe,Barcelona,Home,45,105,0.42857142857142855
3825645,Barcelona,Getafe,Away,100,89,1.1235955056179776
3825644,Real Sociedad,Celta Vigo,Home,72,91,0.7912087912087912
3825644,Celta Vigo,Real Sociedad,Away,71,110,0.6454545454545455
3825640,Levante UD,Real Sociedad,Home,80,92,0.8695652173913043
3825640,Real Sociedad,Levante UD,Away,87,113,0.7699115044247787
3825639,Las Palmas,Villarreal,Home,61,96,0.6354166666666666
3825639,Villarreal,Las Palmas,Away,111,108,1.0277777777777777
3825636,Málaga,RC Deportivo La Coruña,Home,62,119,0.5210084033613446
3825636,RC Deportivo La Coruña,Málaga,Away,81,108,0.75
3825635,Celta Vigo,Real Madrid,Home,100,95,1.0526315789473684
3825635,Real Madrid,Celta Vigo,Away,60,100,0.6
3825634,Granada,Real Betis,Home,94,103,0.912621359223301
3825634,Real Betis,Granada,Away,67,92,0.7282608695652174
3825633,Rayo Vallecano,Espanyol,Home,65,101,0.6435643564356436
3825633,Espanyol,Rayo Vallecano,Away,33,106,0.3113207547169811
3825632,Sporting Gijón,Granada,Home,56,81,0.691358024691358
3825632,Granada,Sporting Gijón,Away,61,115,0.5304347826086957
3825631,Real Sociedad,Atlético Madrid,Home,56,91,0.6153846153846154
3825631,Atlético Madrid,Real Sociedad,Away,66,95,0.6947368421052632
3825630,RC Deportivo La Coruña,Athletic Club,Home,89,89,1.0
3825630,Athletic Club,RC Deportivo La Coruña,Away,60,99,0.6060606060606061
3825629,Villarreal,Celta Vigo,Home,65,99,0.6565656565656566
3825629,Celta Vigo,Villarreal,Away,80,89,0.898876404494382
3825627,Barcelona,Rayo Vallecano,Home,103,108,0.9537037037037037
3825627,Rayo Vallecano,Barcelona,Away,119,110,1.0818181818181818
3825625,Real Madrid,Levante UD,Home,74,100,0.74
3825625,Levante UD,Real Madrid,Away,45,99,0.45454545454545453
3825624,Eibar,Sevilla,Home,89,118,0.7542372881355932
3825624,Sevilla,Eibar,Away,76,107,0.7102803738317757
3825622,Athletic Club,Valencia,Home,60,84,0.7142857142857143
3825622,Valencia,Athletic Club,Away,41,99,0.41414141414141414
3825621,Atlético Madrid,Real Madrid,Home,104,91,1.1428571428571428
3825621,Real Madrid,Atlético Madrid,Away,55,101,0.5445544554455446
3825620,Rayo Vallecano,Real Betis,Home,91,93,0.978494623655914
3825620,Real Betis,Rayo Vallecano,Away,57,135,0.4222222222222222
3825617,Sevilla,Barcelona,Home,86,119,0.7226890756302521
3825617,Barcelona,Sevilla,Away,52,105,0.49523809523809526
3825615,Espanyol,Sporting Gijón,Home,115,106,1.0849056603773586
3825615,Sporting Gijón,Espanyol,Away,86,107,0.8037383177570093
3825613,Celta Vigo,Getafe,Home,100,94,1.0638297872340425
3825613,Getafe,Celta Vigo,Away,73,106,0.6886792452830188
3825610,Sporting Gijón,Real Betis,Home,64,96,0.6666666666666666
3825610,Real Betis,Sporting Gijón,Away,64,95,0.6736842105263158
3825606,Real Madrid,Málaga,Home,44,96,0.4583333333333333
3825606,Málaga,Real Madrid,Away,43,112,0.38392857142857145
3825605,Sevilla,Rayo Vallecano,Home,100,106,0.9433962264150944
3825605,Rayo Vallecano,Sevilla,Away,73,96,0.7604166666666666
3825604,Valencia,Granada,Home,75,96,0.78125
3825604,Granada,Valencia,Away,82,116,0.7068965517241379
3825603,Real Betis,RC Deportivo La Coruña,Home,75,85,0.8823529411764706
3825603,RC Deportivo La Coruña,Real Betis,Away,91,105,0.8666666666666667
3825602,Athletic Club,Real Madrid,Home,98,95,1.0315789473684212
3825602,Real Madrid,Athletic Club,Away,34,90,0.37777777777777777
3825600,Málaga,Villarreal,Home,62,101,0.6138613861386139
3825600,Villarreal,Málaga,Away,85,101,0.8415841584158416
3825599,Espanyol,Valencia,Home,107,98,1.0918367346938775
3825599,Valencia,Espanyol,Away,74,101,0.7326732673267327
3825597,Las Palmas,Rayo Vallecano,Home,82,99,0.8282828282828283
3825597,Rayo Vallecano,Las Palmas,Away,74,118,0.6271186440677966
3825596,RC Deportivo La Coruña,Sporting Gijón,Home,84,81,1.037037037037037
3825596,Sporting Gijón,RC Deportivo La Coruña,Away,68,115,0.591304347826087
3825594,Sevilla,Celta Vigo,Home,89,87,1.0229885057471264
3825594,Celta Vigo,Sevilla,Away,91,92,0.9891304347826086
3825593,Eibar,Atlético Madrid,Home,94,117,0.8034188034188035
3825593,Atlético Madrid,Eibar,Away,53,91,0.5824175824175825
3825592,Real Sociedad,Espanyol,Home,100,91,1.098901098901099
3825592,Espanyol,Real Sociedad,Away,52,102,0.5098039215686274
3825591,Valencia,Real Betis,Home,81,84,0.9642857142857143
3825591,Real Betis,Valencia,Away,55,102,0.5392156862745098
3825590,Real Madrid,Granada,Home,70,87,0.8045977011494253
3825590,Granada,Real Madrid,Away,115,116,0.9913793103448276
3825589,Getafe,Málaga,Home,105,119,0.8823529411764706
3825589,Málaga,Getafe,Away,79,99,0.797979797979798
3825588,Rayo Vallecano,RC Deportivo La Coruña,Home,80,93,0.8602150537634409
3825588,RC Deportivo La Coruña,Rayo Vallecano,Away,100,132,0.7575757575757576
3825587,Athletic Club,Getafe,Home,81,98,0.826530612244898
3825587,Getafe,Athletic Club,Away,79,109,0.7247706422018348
3825586,Málaga,Eibar,Home,77,97,0.7938144329896907
3825586,Eibar,Málaga,Away,118,110,1.0727272727272728
3825585,Celta Vigo,Las Palmas,Home,104,93,1.118279569892473
3825585,Las Palmas,Celta Vigo,Away,43,105,0.4095238095238095
3825583,Sporting Gijón,Valencia,Home,98,117,0.8376068376068376
3825583,Valencia,Sporting Gijón,Away,101,107,0.9439252336448598
3825582,Real Betis,Real Sociedad,Home,63,99,0.6363636363636364
3825582,Real Sociedad,Real Betis,Away,70,79,0.8860759493670886
3825581,Espanyol,Real Madrid,Home,93,90,1.0333333333333334
3825581,Real Madrid,Espanyol,Away,54,86,0.627906976744186
3825580,Levante UD,Sevilla,Home,72,102,0.7058823529411765
3825580,Sevilla,Levante UD,Away,71,97,0.7319587628865979
3825578,Eibar,Athletic Club,Home,78,89,0.8764044943820225
3825578,Athletic Club,Eibar,Away,79,107,0.7383177570093458
3825577,Getafe,Granada,Home,63,87,0.7241379310344828
3825577,Granada,Getafe,Away,79,114,0.6929824561403509
3825576,Valencia,RC Deportivo La Coruña,Home,80,88,0.9090909090909091
3825576,RC Deportivo La Coruña,Valencia,Away,78,106,0.7358490566037735
3825575,Las Palmas,Levante UD,Home,93,83,1.1204819277108433
3825575,Levante UD,Las Palmas,Away,100,107,0.9345794392523364
3825574,Celta Vigo,Rayo Vallecano,Home,145,101,1.4356435643564356
3825574,Rayo Vallecano,Celta Vigo,Away,73,96,0.7604166666666666
3825573,Real Sociedad,Sporting Gijón,Home,70,85,0.8235294117647058
3825573,Sporting Gijón,Real Sociedad,Away,78,115,0.6782608695652174
3825571,Villarreal,Espanyol,Home,104,99,1.0505050505050506
3825571,Espanyol,Villarreal,Away,58,102,0.5686274509803921
3825569,Levante UD,Celta Vigo,Home,34,74,0.4594594594594595
3825569,Celta Vigo,Levante UD,Away,63,86,0.7325581395348837
3825568,Real Betis,Villarreal,Home,72,89,0.8089887640449438
3825568,Villarreal,Real Betis,Away,46,115,0.4
3825567,Sporting Gijón,Real Madrid,Home,76,95,0.8
3825567,Real Madrid,Sporting Gijón,Away,49,82,0.5975609756097561
3825566,Rayo Vallecano,Valencia,Home,99,106,0.9339622641509434
3825566,Valencia,Rayo Vallecano,Away,124,90,1.3777777777777778
3825565,Espanyol,Getafe,Home,91,108,0.8425925925925926
3825565,Getafe,Espanyol,Away,78,95,0.8210526315789474
3825564,RC Deportivo La Coruña,Real Sociedad,Home,65,127,0.5118110236220472
3825564,Real Sociedad,RC Deportivo La Coruña,Away,77,101,0.7623762376237624
3825563,Atlético Madrid,Las Palmas,Home,94,87,1.0804597701149425
3825563,Las Palmas,Atlético Madrid,Away,70,90,0.7777777777777778
266498,Barcelona,Getafe,Home,88,76,1.1578947368421053
266498,Getafe,Barcelona,Away,64,87,0.735632183908046
266986,Real Betis,Barcelona,Home,37,72,0.5138888888888888
266986,Barcelona,Real Betis,Away,118,74,1.5945945945945945
267533,Barcelona,Real Madrid,Home,74,89,0.8314606741573034
267533,Real Madrid,Barcelona,Away,48,84,0.5714285714285714
266310,RC Deportivo La Coruña,Barcelona,Home,85,75,1.1333333333333333
266310,Barcelona,RC Deportivo La Coruña,Away,78,82,0.9512195121951219
267576,Barcelona,Atlético Madrid,Home,54,67,0.8059701492537313
267576,Atlético Madrid,Barcelona,Away,88,81,1.0864197530864197
266653,Rayo Vallecano,Barcelona,Home,95,91,1.043956043956044
266653,Barcelona,Rayo Vallecano,Away,90,91,0.989010989010989
265944,Barcelona,Sporting Gijón,Home,72,66,1.0909090909090908
265944,Sporting Gijón,Barcelona,Away,75,90,0.8333333333333334
265894,Málaga,Barcelona,Home,83,125,0.664
265894,Barcelona,Málaga,Away,57,81,0.7037037037037037
265958,Barcelona,Espanyol,Home,72,78,0.9230769230769231
265958,Espanyol,Barcelona,Away,64,103,0.6213592233009708
267611,Barcelona,Las Palmas,Home,87,85,1.0235294117647058
267611,Las Palmas,Barcelona,Away,94,96,0.9791666666666666
267422,Barcelona,Málaga,Home,38,81,0.4691358024691358
267422,Málaga,Barcelona,Away,69,110,0.6272727272727273
266236,Athletic Club,Barcelona,Home,183,95,1.9263157894736842
266236,Barcelona,Athletic Club,Away,42,74,0.5675675675675675
267274,Valencia,Barcelona,Home,97,92,1.0543478260869565
267274,Barcelona,Valencia,Away,92,81,1.1358024691358024
266961,Barcelona,RC Deportivo La Coruña,Home,88,79,1.1139240506329113
266961,RC Deportivo La Coruña,Barcelona,Away,70,102,0.6862745098039216
266885,Barcelona,Real Sociedad,Home,50,91,0.5494505494505495
266885,Real Sociedad,Barcelona,Away,124,94,1.3191489361702127
266815,Sporting Gijón,Barcelona,Home,84,91,0.9230769230769231
266815,Barcelona,Sporting Gijón,Away,61,72,0.8472222222222222
267506,Granada,Barcelona,Home,70,82,0.8536585365853658
267506,Barcelona,Granada,Away,72,79,0.9113924050632911
266664,Real Sociedad,Barcelona,Home,94,100,0.94
266664,Barcelona,Real Sociedad,Away,80,81,0.9876543209876543
266106,Villarreal,Barcelona,Home,102,90,1.1333333333333333
266106,Barcelona,Villarreal,Away,43,77,0.5584415584415584
266670,Espanyol,Barcelona,Home,100,96,1.0416666666666667
266670,Barcelona,Espanyol,Away,78,80,0.975
266149,Barcelona,Athletic Club,Home,47,66,0.7121212121212122
266149,Athletic Club,Barcelona,Away,45,74,0.6081081081081081
266620,Barcelona,Granada,Home,94,92,1.0217391304347827
266620,Granada,Barcelona,Away,108,110,0.9818181818181818
266056,Eibar,Barcelona,Home,146,91,1.6043956043956045
266056,Barcelona,Eibar,Away,43,108,0.39814814814814814
267327,Barcelona,Real Betis,Home,88,83,1.0602409638554218
267327,Real Betis,Barcelona,Away,81,82,0.9878048780487805
266166,Atlético Madrid,Barcelona,Home,118,103,1.145631067961165
266166,Barcelona,Atlético Madrid,Away,61,72,0.8472222222222222
266160,Levante UD,Barcelona,Home,78,93,0.8387096774193549
266160,Barcelona,Levante UD,Away,60,87,0.6896551724137931
265839,Barcelona,Sevilla,Home,83,97,0.8556701030927835
265839,Sevilla,Barcelona,Away,73,87,0.8390804597701149
266424,Real Madrid,Barcelona,Home,86,103,0.8349514563106796
266424,Barcelona,Real Madrid,Away,60,100,0.6
266467,Celta Vigo,Barcelona,Home,74,102,0.7254901960784313
266467,Barcelona,Celta Vigo,Away,82,82,1.0
267273,Las Palmas,Barcelona,Home,60,94,0.6382978723404256
267273,Barcelona,Las Palmas,Away,110,90,1.2222222222222223
266490,Barcelona,Levante UD,Home,89,94,0.9468085106382979
266490,Levante UD,Barcelona,Away,69,106,0.6509433962264151
266254,Barcelona,Celta Vigo,Home,127,76,1.6710526315789473
266254,Celta Vigo,Barcelona,Away,89,94,0.9468085106382979
266557,Barcelona,Valencia,Home,90,81,1.1111111111111112
266557,Valencia,Barcelona,Away,57,100,0.57
